sample,age,publication,split,y,mu,sigma,z,loglik,mu_logit
homosapiens_brain_2019_10x3v2_kantonsabina_001_d10_1038_s41586_019_1654_9|homosapiens_brain_2019_10x3v2_kantonsabina_001_d10_1038_s41586_019_1654_9H9_128d_org1,120,"Kanton, 2019",train,0.1107828655834564,0.12190056198318591,0.22784443659440826,-0.4749518474022775,2.7649610036351837,-1.9745541956916655
homosapiens_brain_2019_10x3v2_kantonsabina_001_d10_1038_s41586_019_1654_9|homosapiens_brain_2019_10x3v2_kantonsabina_001_d10_1038_s41586_019_1654_9H9_60d_org1,60,"Kanton, 2019",train,0.3626868359445345,0.29193611390490043,0.4683177103563608,0.6881608781663464,1.067596763643738,-0.8859993338866416
homosapiens_brain_2019_10x3v2_kantonsabina_001_d10_1038_s41586_019_1654_9|homosapiens_brain_2019_10x3v2_kantonsabina_001_d10_1038_s41586_019_1654_9H9_67d_org1,60,"Kanton, 2019",train,0.3616251861306105,0.29193611390490043,0.4683177103563608,0.6783472234027741,1.075569020718293,-0.8859993338866416
homosapiens_brain_2019_10x3v2_kantonsabina_001_d10_1038_s41586_019_1654_9|homosapiens_brain_2019_10x3v2_kantonsabina_001_d10_1038_s41586_019_1654_9H9_Org_32d,30,"Kanton, 2019",test,0.7054356514788169,0.33566094939898955,0.7917820989833569,1.9651986896089515,-1.0452749049595593,-0.6826910661998578
homosapiens_brain_2019_10x3v2_kantonsabina_001_d10_1038_s41586_019_1654_9|homosapiens_brain_2019_10x3v2_kantonsabina_001_d10_1038_s41586_019_1654_9H9_neuroectoderm,10,"Kanton, 2019",train,0.0017162471395881,0.002718068299500434,1.0634798797299945,0.5752880265661144,4.157366781851222,-5.9051120660271295
homosapiens_brain_2019_10x3v2_kantonsabina_001_d10_1038_s41586_019_1654_9|homosapiens_brain_2019_10x3v2_kantonsabina_001_d10_1038_s41586_019_1654_9H9_neuroepithelium,15,"Kanton, 2019",test,0.0,0.014158703224657556,0.980360538626925,-1.0711762685360329,3.8305169544462965,-4.243165881138127
homosapiens_brain_2019_10x3v2_kantonsabina_001_d10_1038_s41586_019_1654_9|homosapiens_brain_2019_10x3v2_kantonsabina_001_d10_1038_s41586_019_1654_9SC102A1_65d_org1,60,"Kanton, 2019",train,0.5693682713792404,0.29193611390490043,0.4683177103563608,2.488211510298577,-1.8501986074017769,-0.8859993338866416
homosapiens_brain_2019_10x3v2_kantonsabina_001_d10_1038_s41586_019_1654_9|homosapiens_brain_2019_10x3v2_kantonsabina_001_d10_1038_s41586_019_1654_9SC102A1_65d_org2,60,"Kanton, 2019",test,0.4487284659557014,0.29193611390490043,0.4683177103563608,1.4524110037775233,0.18178606597422853,-0.8859993338866416
homosapiens_brain_2019_10x3v2_kantonsabina_001_d10_1038_s41586_019_1654_9|homosapiens_brain_2019_10x3v2_kantonsabina_001_d10_1038_s41586_019_1654_9h409B2_120d_org1,120,"Kanton, 2019",test,0.2794449822523395,0.12190056198318591,0.22784443659440826,4.5089442067121155,-8.00245192911728,-1.9745541956916655
homosapiens_brain_2019_10x3v2_kantonsabina_001_d10_1038_s41586_019_1654_9|homosapiens_brain_2019_10x3v2_kantonsabina_001_d10_1038_s41586_019_1654_9h409B2_128d_org1,120,"Kanton, 2019",train,0.1327249022164276,0.12190056198318591,0.22784443659440826,0.4278206391443973,2.6305141469915405,-1.9745541956916655
homosapiens_brain_2019_10x3v2_kantonsabina_001_d10_1038_s41586_019_1654_9|homosapiens_brain_2019_10x3v2_kantonsabina_001_d10_1038_s41586_019_1654_9h409B2_60d_org1,60,"Kanton, 2019",train,0.4733232982104031,0.29193611390490043,0.4683177103563608,1.6638087481893096,-0.15531495734830458,-0.8859993338866416
homosapiens_brain_2019_10x3v2_kantonsabina_001_d10_1038_s41586_019_1654_9|homosapiens_brain_2019_10x3v2_kantonsabina_001_d10_1038_s41586_019_1654_9h409B2_67d_org1,60,"Kanton, 2019",test,0.4573905688306195,0.29193611390490043,0.4683177103563608,1.527055669365858,0.06730341739173995,-0.8859993338866416
homosapiens_brain_2019_10x3v2_kantonsabina_001_d10_1038_s41586_019_1654_9|homosapiens_brain_2019_10x3v2_kantonsabina_001_d10_1038_s41586_019_1654_9h409B2_Org_32d,30,"Kanton, 2019",train,0.3435013262599469,0.33566094939898955,0.7917820989833569,0.04415528637941564,0.8029545864538918,-0.6826910661998578
homosapiens_brain_2019_10x3v2_kantonsabina_001_d10_1038_s41586_019_1654_9|homosapiens_brain_2019_10x3v2_kantonsabina_001_d10_1038_s41586_019_1654_9h409B2_neuroectoderm,10,"Kanton, 2019",train,0.0,0.002718068299500434,1.0634798797299945,0.5752880265661144,4.157366781851222,-5.9051120660271295
homosapiens_brain_2019_10x3v2_kantonsabina_001_d10_1038_s41586_019_1654_9|homosapiens_brain_2019_10x3v2_kantonsabina_001_d10_1038_s41586_019_1654_9h409B2_neuroepithelium,15,"Kanton, 2019",test,0.0046082949308755,0.014158703224657556,0.980360538626925,-1.0711762685360329,3.8305169544462965,-4.243165881138127
homosapiens_brain_2019_10x3v2_kantonsabina_001_d10_1038_s41586_019_1654_9|homosapiens_brain_2019_10x3v2_kantonsabina_001_d10_1038_s41586_019_1654_9hoik_HipSci_1,60,"Kanton, 2019",train,0.2062043795620438,0.29193611390490043,0.4683177103563608,-0.9864219701155004,1.1629723844355668,-0.8859993338866416
homosapiens_brain_2019_10x3v2_kantonsabina_001_d10_1038_s41586_019_1654_9|homosapiens_brain_2019_10x3v2_kantonsabina_001_d10_1038_s41586_019_1654_9hoik_HipSci_2,60,"Kanton, 2019",train,0.2599027102154274,0.29193611390490043,0.4683177103563608,-0.34266256281497515,1.429382534143048,-0.8859993338866416
homosapiens_brain_2019_10x3v2_kantonsabina_001_d10_1038_s41586_019_1654_9|homosapiens_brain_2019_10x3v2_kantonsabina_001_d10_1038_s41586_019_1654_9hoik_HipSci_3,60,"Kanton, 2019",train,0.3036144578313253,0.29193611390490043,0.4683177103563608,0.11926636872901017,1.3864060239464175,-0.8859993338866416
homosapiens_brain_2019_10x3v2_kantonsabina_001_d10_1038_s41586_019_1654_9|homosapiens_brain_2019_10x3v2_kantonsabina_001_d10_1038_s41586_019_1654_9kucg_HipSci_1,60,"Kanton, 2019",train,0.1849415204678362,0.29193611390490043,0.4683177103563608,-1.275247226558247,0.9187530912248347,-0.8859993338866416
homosapiens_brain_2019_10x3v2_kantonsabina_001_d10_1038_s41586_019_1654_9|homosapiens_brain_2019_10x3v2_kantonsabina_001_d10_1038_s41586_019_1654_9kucg_HipSci_2,60,"Kanton, 2019",test,0.258272800645682,0.29193611390490043,0.4683177103563608,-0.36079308755310724,1.4270966309996065,-0.8859993338866416
homosapiens_brain_2019_10x3v2_kantonsabina_001_d10_1038_s41586_019_1654_9|homosapiens_brain_2019_10x3v2_kantonsabina_001_d10_1038_s41586_019_1654_9kucg_HipSci_3,60,"Kanton, 2019",train,0.1848367459878251,0.29193611390490043,0.4683177103563608,-1.2767317493594494,0.917297003737739,-0.8859993338866416
homosapiens_brain_2019_10x3v2_kantonsabina_001_d10_1038_s41586_019_1654_9|homosapiens_brain_2019_10x3v2_kantonsabina_001_d10_1038_s41586_019_1654_9sojd_HipSci_1,60,"Kanton, 2019",train,0.2340604026845638,0.29193611390490043,0.4683177103563608,-0.6395759935259354,1.3539691189907452,-0.8859993338866416
homosapiens_brain_2019_10x3v2_kantonsabina_001_d10_1038_s41586_019_1654_9|homosapiens_brain_2019_10x3v2_kantonsabina_001_d10_1038_s41586_019_1654_9sojd_HipSci_2,60,"Kanton, 2019",train,0.2300469483568075,0.29193611390490043,0.4683177103563608,-0.6876673435686907,1.3341242296824485,-0.8859993338866416
homosapiens_brain_2019_10x3v2_kantonsabina_001_d10_1038_s41586_019_1654_9|homosapiens_brain_2019_10x3v2_kantonsabina_001_d10_1038_s41586_019_1654_9sojd_HipSci_3,60,"Kanton, 2019",train,0.201555023923445,0.29193611390490043,0.4683177103563608,-1.0475886257259566,1.1177309336312158,-0.8859993338866416
homosapiens_brain_2019_10x3v2_kantonsabina_001_d10_1038_s41586_019_1654_9|homosapiens_brain_2019_10x3v2_kantonsabina_001_d10_1038_s41586_019_1654_9wibj_64d_org1,60,"Kanton, 2019",train,0.2944533618690922,0.29193611390490043,0.4683177103563608,0.025937701683166847,1.410750485304145,-0.8859993338866416
homosapiens_brain_2019_10x3v2_kantonsabina_001_d10_1038_s41586_019_1654_9|homosapiens_brain_2019_10x3v2_kantonsabina_001_d10_1038_s41586_019_1654_9wibj_64d_org2,60,"Kanton, 2019",train,0.3556778389194597,0.29193611390490043,0.4683177103563608,0.6231364959559654,1.118806598140954,-0.8859993338866416
homosapiens_brain_2019_10x3v2_kantonsabina_001_d10_1038_s41586_019_1654_9|homosapiens_brain_2019_10x3v2_kantonsabina_001_d10_1038_s41586_019_1654_9wibj_HipSci_1,60,"Kanton, 2019",train,0.3090692124105011,0.29193611390490043,0.4683177103563608,0.1740803651246682,1.3684234868344973,-0.8859993338866416
homosapiens_brain_2019_10x3v2_kantonsabina_001_d10_1038_s41586_019_1654_9|homosapiens_brain_2019_10x3v2_kantonsabina_001_d10_1038_s41586_019_1654_9wibj_HipSci_2,60,"Kanton, 2019",train,0.276103714085494,0.29193611390490043,0.4683177103563608,-0.1662807624247375,1.4359310224636577,-0.8859993338866416
homosapiens_brain_2019_10x3v2_kantonsabina_001_d10_1038_s41586_019_1654_9|homosapiens_brain_2019_10x3v2_kantonsabina_001_d10_1038_s41586_019_1654_9wibj_HipSci_3,60,"Kanton, 2019",train,0.2414806110458284,0.29193611390490043,0.4683177103563608,-0.5521461963652905,1.384590113747266,-0.8859993338866416
homosapiens_brain_2022_10x3v3_fleckjonassimon_001_d10_1038_s41586_022_05279_8|homosapiens_brain_2022_10x3v3_fleckjonassimon_001_d10_1038_s41586_022_05279_8409b2_11,11,"Fleck, 2022",train,0.0,0.008070195879136072,1.8645130231092786,-0.258421491532223,3.7280006361386833,-4.811474588311338
homosapiens_brain_2022_10x3v3_fleckjonassimon_001_d10_1038_s41586_022_05279_8|homosapiens_brain_2022_10x3v3_fleckjonassimon_001_d10_1038_s41586_022_05279_8409b2_12,12,"Fleck, 2022",train,0.0,0.011301327813401917,1.830920817860903,-0.44886454685544036,3.678832664994928,-4.471469381487165
homosapiens_brain_2022_10x3v3_fleckjonassimon_001_d10_1038_s41586_022_05279_8|homosapiens_brain_2022_10x3v3_fleckjonassimon_001_d10_1038_s41586_022_05279_8409b2_16,16,"Fleck, 2022",train,0.0,0.039634718387425924,1.7287002353525547,-1.2180808037206365,3.0951611358797133,-3.187608252654198
homosapiens_brain_2022_10x3v3_fleckjonassimon_001_d10_1038_s41586_022_05279_8|homosapiens_brain_2022_10x3v3_fleckjonassimon_001_d10_1038_s41586_022_05279_8409b2_18,18,"Fleck, 2022",train,0.0017191977077363,0.0693752827475279,1.6835189984093268,-1.6019892709011643,2.5803203185039454,-2.5963254519144763
homosapiens_brain_2022_10x3v3_fleckjonassimon_001_d10_1038_s41586_022_05279_8|homosapiens_brain_2022_10x3v3_fleckjonassimon_001_d10_1038_s41586_022_05279_8409b2_21,21,"Fleck, 2022",train,0.0914927768860353,0.14422049176800086,1.614153023120241,-0.3189743259793464,1.0388264727980836,-1.7806694377913297
homosapiens_brain_2022_10x3v3_fleckjonassimon_001_d10_1038_s41586_022_05279_8|homosapiens_brain_2022_10x3v3_fleckjonassimon_001_d10_1038_s41586_022_05279_8409b2_26,26,"Fleck, 2022",test,0.8959608323133414,0.3464066636594517,1.4985118898854377,1.8605132272024387,-0.681319390501832,-0.634871934780987
homosapiens_brain_2022_10x3v3_fleckjonassimon_001_d10_1038_s41586_022_05279_8|homosapiens_brain_2022_10x3v3_fleckjonassimon_001_d10_1038_s41586_022_05279_8409b2_31,31,"Fleck, 2022",train,0.7535055350553506,0.5512123935914173,1.4027810351260237,0.6500133214215247,0.21478074337629804,0.20557046531857415
homosapiens_brain_2022_10x3v3_fleckjonassimon_001_d10_1038_s41586_022_05279_8|homosapiens_brain_2022_10x3v3_fleckjonassimon_001_d10_1038_s41586_022_05279_8409b2_61,61,"Fleck, 2022",train,0.4743326488706365,0.4492931445484309,0.9247754188406546,0.10896413432475097,0.5422623280651981,-0.2035270869165502
homosapiens_brain_2022_10x3v3_fleckjonassimon_001_d10_1038_s41586_022_05279_8|homosapiens_brain_2022_10x3v3_fleckjonassimon_001_d10_1038_s41586_022_05279_8409b2_9,9,"Fleck, 2022",train,0.0,0.004022356287399476,1.952331566977279,0.1119441585495776,3.7091012941521173,-5.511856939199542
homosapiens_brain_2022_10x3v3_fleckjonassimon_001_d10_1038_s41586_022_05279_8|homosapiens_brain_2022_10x3v3_fleckjonassimon_001_d10_1038_s41586_022_05279_8H9_11,11,"Fleck, 2022",train,0.0,0.008070195879136072,1.8645130231092786,-0.258421491532223,3.7280006361386833,-4.811474588311338
homosapiens_brain_2022_10x3v3_fleckjonassimon_001_d10_1038_s41586_022_05279_8|homosapiens_brain_2022_10x3v3_fleckjonassimon_001_d10_1038_s41586_022_05279_8H9_12,12,"Fleck, 2022",train,0.0,0.011301327813401917,1.830920817860903,-0.44886454685544036,3.678832664994928,-4.471469381487165
homosapiens_brain_2022_10x3v3_fleckjonassimon_001_d10_1038_s41586_022_05279_8|homosapiens_brain_2022_10x3v3_fleckjonassimon_001_d10_1038_s41586_022_05279_8H9_16,16,"Fleck, 2022",test,0.0,0.039634718387425924,1.7287002353525547,-1.2180808037206365,3.0951611358797133,-3.187608252654198
homosapiens_brain_2022_10x3v3_fleckjonassimon_001_d10_1038_s41586_022_05279_8|homosapiens_brain_2022_10x3v3_fleckjonassimon_001_d10_1038_s41586_022_05279_8H9_18,18,"Fleck, 2022",train,0.0457951706910907,0.0693752827475279,1.6835189984093268,-0.2615796201550601,1.6564168349861654,-2.5963254519144763
homosapiens_brain_2022_10x3v3_fleckjonassimon_001_d10_1038_s41586_022_05279_8|homosapiens_brain_2022_10x3v3_fleckjonassimon_001_d10_1038_s41586_022_05279_8H9_21,21,"Fleck, 2022",train,0.820830007980846,0.14422049176800086,1.614153023120241,2.0460578349119833,-1.5740657468076409,-1.7806694377913297
homosapiens_brain_2022_10x3v3_fleckjonassimon_001_d10_1038_s41586_022_05279_8|homosapiens_brain_2022_10x3v3_fleckjonassimon_001_d10_1038_s41586_022_05279_8H9_26,26,"Fleck, 2022",train,0.8657381615598886,0.3464066636594517,1.4985118898854377,1.6674292336839247,-0.561435062717961,-0.634871934780987
homosapiens_brain_2022_10x3v3_fleckjonassimon_001_d10_1038_s41586_022_05279_8|homosapiens_brain_2022_10x3v3_fleckjonassimon_001_d10_1038_s41586_022_05279_8H9_31,31,"Fleck, 2022",train,0.6489266547406081,0.5512123935914173,1.4027810351260237,0.2913883632212658,0.17934685567578157,0.20557046531857415
homosapiens_brain_2022_10x3v3_fleckjonassimon_001_d10_1038_s41586_022_05279_8|homosapiens_brain_2022_10x3v3_fleckjonassimon_001_d10_1038_s41586_022_05279_8H9_61,61,"Fleck, 2022",train,0.4192073170731707,0.4492931445484309,0.9247754188406546,-0.13246588095643064,0.5632433284720698,-0.2035270869165502
homosapiens_brain_2022_10x3v3_fleckjonassimon_001_d10_1038_s41586_022_05279_8|homosapiens_brain_2022_10x3v3_fleckjonassimon_001_d10_1038_s41586_022_05279_8H9_9,9,"Fleck, 2022",test,0.0,0.004022356287399476,1.952331566977279,0.1119441585495776,3.7091012941521173,-5.511856939199542
homosapiens_brain_2022_10x3v3_fleckjonassimon_001_d10_1038_s41586_022_05279_8|homosapiens_brain_2022_10x3v3_fleckjonassimon_001_d10_1038_s41586_022_05279_8Hoik1_11,11,"Fleck, 2022",train,0.0,0.008070195879136072,1.8645130231092786,-0.258421491532223,3.7280006361386833,-4.811474588311338
homosapiens_brain_2022_10x3v3_fleckjonassimon_001_d10_1038_s41586_022_05279_8|homosapiens_brain_2022_10x3v3_fleckjonassimon_001_d10_1038_s41586_022_05279_8Hoik1_12,12,"Fleck, 2022",train,0.0,0.011301327813401917,1.830920817860903,-0.44886454685544036,3.678832664994928,-4.471469381487165
homosapiens_brain_2022_10x3v3_fleckjonassimon_001_d10_1038_s41586_022_05279_8|homosapiens_brain_2022_10x3v3_fleckjonassimon_001_d10_1038_s41586_022_05279_8Hoik1_18,18,"Fleck, 2022",train,0.0,0.0693752827475279,1.6835189984093268,-1.6019892709011643,2.5803203185039454,-2.5963254519144763
homosapiens_brain_2022_10x3v3_fleckjonassimon_001_d10_1038_s41586_022_05279_8|homosapiens_brain_2022_10x3v3_fleckjonassimon_001_d10_1038_s41586_022_05279_8Hoik1_21,21,"Fleck, 2022",test,0.1314623338257016,0.14422049176800086,1.614153023120241,-0.06654953950246109,0.7700158991676882,-1.7806694377913297
homosapiens_brain_2022_10x3v3_fleckjonassimon_001_d10_1038_s41586_022_05279_8|homosapiens_brain_2022_10x3v3_fleckjonassimon_001_d10_1038_s41586_022_05279_8Hoik1_26,26,"Fleck, 2022",train,0.5793499043977055,0.3464066636594517,1.4985118898854377,0.6372836948334143,-0.11467375305474126,-0.634871934780987
homosapiens_brain_2022_10x3v3_fleckjonassimon_001_d10_1038_s41586_022_05279_8|homosapiens_brain_2022_10x3v3_fleckjonassimon_001_d10_1038_s41586_022_05279_8Hoik1_31,31,"Fleck, 2022",test,0.7443946188340808,0.5512123935914173,1.4027810351260237,0.6154674418775957,0.21250914762625106,0.20557046531857415
homosapiens_brain_2022_10x3v3_fleckjonassimon_001_d10_1038_s41586_022_05279_8|homosapiens_brain_2022_10x3v3_fleckjonassimon_001_d10_1038_s41586_022_05279_8Hoik1_61,61,"Fleck, 2022",train,0.3148148148148148,0.4492931445484309,0.9247754188406546,-0.620883157114271,0.5003547172199616,-0.2035270869165502
homosapiens_brain_2022_10x3v3_fleckjonassimon_001_d10_1038_s41586_022_05279_8|homosapiens_brain_2022_10x3v3_fleckjonassimon_001_d10_1038_s41586_022_05279_8Hoik1_9,9,"Fleck, 2022",train,0.0,0.004022356287399476,1.952331566977279,0.1119441585495776,3.7091012941521173,-5.511856939199542
homosapiens_brain_2022_10x3v3_fleckjonassimon_001_d10_1038_s41586_022_05279_8|homosapiens_brain_2022_10x3v3_fleckjonassimon_001_d10_1038_s41586_022_05279_8Wibj2_11,11,"Fleck, 2022",train,0.0,0.008070195879136072,1.8645130231092786,-0.258421491532223,3.7280006361386833,-4.811474588311338
homosapiens_brain_2022_10x3v3_fleckjonassimon_001_d10_1038_s41586_022_05279_8|homosapiens_brain_2022_10x3v3_fleckjonassimon_001_d10_1038_s41586_022_05279_8Wibj2_12,12,"Fleck, 2022",train,0.0,0.011301327813401917,1.830920817860903,-0.44886454685544036,3.678832664994928,-4.471469381487165
homosapiens_brain_2022_10x3v3_fleckjonassimon_001_d10_1038_s41586_022_05279_8|homosapiens_brain_2022_10x3v3_fleckjonassimon_001_d10_1038_s41586_022_05279_8Wibj2_18,18,"Fleck, 2022",train,0.0,0.0693752827475279,1.6835189984093268,-1.6019892709011643,2.5803203185039454,-2.5963254519144763
homosapiens_brain_2022_10x3v3_fleckjonassimon_001_d10_1038_s41586_022_05279_8|homosapiens_brain_2022_10x3v3_fleckjonassimon_001_d10_1038_s41586_022_05279_8Wibj2_21,21,"Fleck, 2022",train,0.6783289817232376,0.14422049176800086,1.614153023120241,1.5653859669661483,-1.1006166981839984,-1.7806694377913297
homosapiens_brain_2022_10x3v3_fleckjonassimon_001_d10_1038_s41586_022_05279_8|homosapiens_brain_2022_10x3v3_fleckjonassimon_001_d10_1038_s41586_022_05279_8Wibj2_26,26,"Fleck, 2022",train,0.880256593014968,0.3464066636594517,1.4985118898854377,1.7548971230657708,-0.6132971000052665,-0.634871934780987
homosapiens_brain_2022_10x3v3_fleckjonassimon_001_d10_1038_s41586_022_05279_8|homosapiens_brain_2022_10x3v3_fleckjonassimon_001_d10_1038_s41586_022_05279_8Wibj2_31,31,"Fleck, 2022",train,0.6145104895104895,0.5512123935914173,1.4027810351260237,0.1858747334874116,0.16550061525024984,0.20557046531857415
homosapiens_brain_2022_10x3v3_fleckjonassimon_001_d10_1038_s41586_022_05279_8|homosapiens_brain_2022_10x3v3_fleckjonassimon_001_d10_1038_s41586_022_05279_8Wibj2_61,61,"Fleck, 2022",train,0.4957882069795427,0.4492931445484309,0.9247754188406546,0.20186470416565555,0.5252564692312343,-0.2035270869165502
homosapiens_brain_2022_10x3v3_fleckjonassimon_001_d10_1038_s41586_022_05279_8|homosapiens_brain_2022_10x3v3_fleckjonassimon_001_d10_1038_s41586_022_05279_8Wibj2_9,9,"Fleck, 2022",train,0.0,0.004022356287399476,1.952331566977279,0.1119441585495776,3.7091012941521173,-5.511856939199542
homosapiens_brain_2022_10x3v3_hezhisong_001_d10_1038_s41592_021_01344_8|homosapiens_brain_2022_10x3v3_hezhisong_001_d10_1038_s41592_021_01344_8d15_1,15,"He, 2022",train,0.0140914304440439,0.02005640466476109,1.1423506788127933,-0.3143083019898593,3.1749585676975247,-3.8889464768322335
homosapiens_brain_2022_10x3v3_hezhisong_001_d10_1038_s41592_021_01344_8|homosapiens_brain_2022_10x3v3_hezhisong_001_d10_1038_s41592_021_01344_8d15_2,15,"He, 2022",train,0.0072939460247994,0.02005640466476109,1.1423506788127933,-0.8967854195962478,3.473892547511178,-3.8889464768322335
homosapiens_brain_2022_10x3v3_hezhisong_002_d10_1038_s41592_021_01344_8|homosapiens_brain_2022_10x3v3_hezhisong_002_d10_1038_s41592_021_01344_8Org1-s15-d60,60,"He, 2022",train,0.5610339875538535,0.37010184348180003,0.5730506079638427,1.3561444952001083,0.11958584669790318,-0.5317799295807477
homosapiens_brain_2022_10x3v3_hezhisong_002_d10_1038_s41592_021_01344_8|homosapiens_brain_2022_10x3v3_hezhisong_002_d10_1038_s41592_021_01344_8Org10-s4-d46,46,"He, 2022",train,0.3787051482059282,0.5897383232562674,0.7395761538149582,-1.16003140951965,0.15684991113044444,0.36288372653836376
homosapiens_brain_2022_10x3v3_hezhisong_002_d10_1038_s41592_021_01344_8|homosapiens_brain_2022_10x3v3_hezhisong_002_d10_1038_s41592_021_01344_8Org11-s7-d32,32,"He, 2022",train,0.782473222979552,0.48515966062929267,0.887762533093105,1.5088680749555956,-0.1675000772931412,-0.05937879802021806
homosapiens_brain_2022_10x3v3_hezhisong_002_d10_1038_s41592_021_01344_8|homosapiens_brain_2022_10x3v3_hezhisong_002_d10_1038_s41592_021_01344_8Org12-s7-d46,46,"He, 2022",test,0.4241656104773976,0.5897383232562674,0.7395761538149582,-0.9040040765707276,0.3836942906382834,0.36288372653836376
homosapiens_brain_2022_10x3v3_hezhisong_002_d10_1038_s41592_021_01344_8|homosapiens_brain_2022_10x3v3_hezhisong_002_d10_1038_s41592_021_01344_8Org2-s7-d46,46,"He, 2022",test,0.3621639131843213,0.5897383232562674,0.7395761538149582,-1.2559465941013124,0.05937088181957462,0.36288372653836376
homosapiens_brain_2022_10x3v3_hezhisong_002_d10_1038_s41592_021_01344_8|homosapiens_brain_2022_10x3v3_hezhisong_002_d10_1038_s41592_021_01344_8Org3-s30-d60,60,"He, 2022",train,0.4941098021782619,0.37010184348180003,0.5730506079638427,0.8868641638903726,0.6310118377844146,-0.5317799295807477
homosapiens_brain_2022_10x3v3_hezhisong_002_d10_1038_s41592_021_01344_8|homosapiens_brain_2022_10x3v3_hezhisong_002_d10_1038_s41592_021_01344_8Org4-s15-d63,63,"He, 2022",test,0.5996,0.3289525694683814,0.561878245459481,1.987485676832065,-0.8907343490669353,-0.712926246186872
homosapiens_brain_2022_10x3v3_hezhisong_002_d10_1038_s41592_021_01344_8|homosapiens_brain_2022_10x3v3_hezhisong_002_d10_1038_s41592_021_01344_8Org5-s20-d63,63,"He, 2022",train,0.3692307692307692,0.3289525694683814,0.561878245459481,0.3157410190982442,1.0648340116130246,-0.712926246186872
homosapiens_brain_2022_10x3v3_hezhisong_002_d10_1038_s41592_021_01344_8|homosapiens_brain_2022_10x3v3_hezhisong_002_d10_1038_s41592_021_01344_8Org6-s20-d63,63,"He, 2022",test,0.5098749177090192,0.3289525694683814,0.561878245459481,1.339135408783134,0.14757423612677578,-0.712926246186872
homosapiens_brain_2022_10x3v3_hezhisong_002_d10_1038_s41592_021_01344_8|homosapiens_brain_2022_10x3v3_hezhisong_002_d10_1038_s41592_021_01344_8Org7-s30-d63,63,"He, 2022",train,0.3426263266275938,0.3289525694683814,0.561878245459481,0.10912339000604405,1.1421951248788451,-0.712926246186872
homosapiens_brain_2022_10x3v3_hezhisong_002_d10_1038_s41592_021_01344_8|homosapiens_brain_2022_10x3v3_hezhisong_002_d10_1038_s41592_021_01344_8Org8-s4-d32,32,"He, 2022",train,0.384711000621504,0.48515966062929267,0.887762533093105,-0.46208401135667143,0.5342777176315234,-0.05937879802021806
homosapiens_brain_2022_10x3v3_hezhisong_002_d10_1038_s41592_021_01344_8|homosapiens_brain_2022_10x3v3_hezhisong_002_d10_1038_s41592_021_01344_8Org9-s4-d46,46,"He, 2022",train,0.4437698756866146,0.5897383232562674,0.7395761538149582,-0.7960771784024095,0.4648923784275869,0.36288372653836376
homosapiens_brain_2022_10x3v3_hezhisong_003_d10_1038_s41592_021_01344_8|homosapiens_brain_2022_10x3v3_hezhisong_003_d10_1038_s41592_021_01344_8Region1.1,60,"He, 2022",train,0.224025974025974,0.37010184348180003,0.5730506079638427,-1.2399901647052056,0.61868441704453,-0.5317799295807477
homosapiens_brain_2022_10x3v3_hezhisong_003_d10_1038_s41592_021_01344_8|homosapiens_brain_2022_10x3v3_hezhisong_003_d10_1038_s41592_021_01344_8Region1.2,60,"He, 2022",test,0.2155948553054662,0.37010184348180003,0.5730506079638427,-1.3257899675788285,0.5361671212115713,-0.5317799295807477
homosapiens_brain_2022_10x3v3_hezhisong_003_d10_1038_s41592_021_01344_8|homosapiens_brain_2022_10x3v3_hezhisong_003_d10_1038_s41592_021_01344_8Region2.1,60,"He, 2022",train,0.3846811629611532,0.37010184348180003,0.5730506079638427,0.10828747770918896,1.0729347702526852,-0.5317799295807477
homosapiens_brain_2022_10x3v3_hezhisong_003_d10_1038_s41592_021_01344_8|homosapiens_brain_2022_10x3v3_hezhisong_003_d10_1038_s41592_021_01344_8Region2.2,60,"He, 2022",train,0.3712121212121212,0.37010184348180003,0.5730506079638427,0.008305758389627013,1.0927511583632765,-0.5317799295807477
