model,n,draw,n_test,MSLL,EV,z_sd,n_publications,min_per_publication,p50_dev_pp
final,20,0,26,0.3875,0.7656,2.3182,4,1,10.2868
final,20,1,26,-0.9873,0.6649,1.2976,4,1,5.097
final,20,2,26,-0.2809,0.8016,2.0703,4,2,4.6213
final,20,3,26,-1.3272,0.7713,1.4332,4,4,2.6154
final,20,4,26,-0.4157,0.7733,2.0631,4,2,3.0688
final,20,5,26,6.9764,0.6378,4.1743,4,3,4.7293
final,20,6,26,2.1724,0.4691,2.8718,4,4,6.6406
final,20,7,26,-1.3745,0.7999,1.2805,4,4,2.2504
final,20,8,20,-1.3721,0.7297,1.2315,3,4,4.9838
final,20,9,26,16.8888,0.4956,6.1445,4,1,3.2721
final,40,0,26,-1.3841,0.7674,0.9464,4,4,2.2947
final,40,1,26,-1.3328,0.8146,1.2704,4,4,1.1643
final,40,2,26,-0.489,0.7869,1.7965,4,1,3.449
final,40,3,26,-1.2124,0.69,1.1272,4,5,4.2403
final,40,4,26,-1.1446,0.7885,1.2526,4,5,2.0018
final,40,5,26,-0.6688,0.7877,1.8968,4,3,3.0887
final,40,6,26,-1.3495,0.791,1.1698,4,6,1.6635
final,40,7,26,-1.2235,0.7777,0.8886,4,6,1.9623
final,40,8,26,-1.2249,0.7599,0.9835,4,5,2.5217
final,40,9,26,-1.392,0.7901,0.8359,4,6,1.5269
final,80,0,26,-1.5028,0.8033,0.8545,4,8,0.6448
final,80,1,26,-1.4637,0.8074,1.0907,4,10,0.9014
final,80,2,26,-1.2851,0.7488,1.0593,4,8,0.8554
final,80,3,26,-1.4182,0.7709,0.9311,4,10,1.0446
final,80,4,26,-1.2597,0.7548,1.0355,4,10,0.7867
final,80,5,26,-1.3278,0.7354,0.9388,4,8,0.6768
final,80,6,26,-1.3497,0.75,0.8552,4,10,0.6762
final,80,7,26,-1.4262,0.7647,0.9702,4,9,0.5893
final,80,8,26,-1.3735,0.7617,0.8939,4,10,0.4591
final,80,9,26,-1.3666,0.7765,0.885,4,12,1.0623
final,105,0,26,-1.3992,0.7687,0.8676,4,13,0.0
no_batch,20,0,26,0.491,0.7834,2.4897,4,1,3.1872
no_batch,20,1,26,-0.3263,0.6285,1.7531,4,1,3.9858
no_batch,20,2,26,-0.7619,0.7907,1.7244,4,2,4.0993
no_batch,20,3,26,-1.1668,0.7653,1.0515,4,4,2.3411
no_batch,20,4,26,1.0497,0.7955,2.482,4,2,3.4441
no_batch,20,5,26,-0.9939,0.8056,1.2852,4,3,3.187
no_batch,20,6,26,-1.0591,0.7105,0.863,4,4,2.3771
no_batch,20,7,26,-0.74,0.7874,1.6386,4,4,4.6943
no_batch,20,8,26,-1.1768,0.7843,0.9294,3,4,2.6278
no_batch,20,9,26,-0.9405,0.7728,1.3532,4,1,1.9906
no_batch,40,0,26,-1.0359,0.6343,1.0637,4,4,3.6338
no_batch,40,1,26,-1.1401,0.7659,1.0391,4,4,1.6033
no_batch,40,2,26,-0.7825,0.7833,1.3862,4,1,1.4309
no_batch,40,3,26,-1.1115,0.671,1.0309,4,5,2.5706
no_batch,40,4,26,0.3135,0.7327,2.1154,4,5,1.9962
no_batch,40,5,26,-1.0819,0.8136,1.4988,4,3,3.1954
no_batch,40,6,26,-1.2037,0.7702,1.088,4,6,1.0525
no_batch,40,7,26,-1.0767,0.793,0.7231,4,6,2.5215
no_batch,40,8,26,-1.0365,0.7788,0.6937,4,5,1.255
no_batch,40,9,26,-1.0436,0.7593,0.7588,4,6,2.1062
no_batch,80,0,26,-1.171,0.7882,1.0365,4,8,0.7963
no_batch,80,1,26,-1.1455,0.8033,1.2355,4,10,1.4814
no_batch,80,2,26,-1.0917,0.7188,0.8033,4,8,1.6513
no_batch,80,3,26,-1.2012,0.8016,0.8519,4,10,1.2234
no_batch,80,4,26,-1.1059,0.7611,0.7635,4,10,0.5308
no_batch,80,5,26,-1.1382,0.7679,0.8319,4,8,0.6383
no_batch,80,6,26,-1.1404,0.7526,0.8365,4,10,0.5775
no_batch,80,7,26,-1.172,0.7518,0.9502,4,9,1.737
no_batch,80,8,26,-1.165,0.7836,0.8286,4,10,0.5525
no_batch,80,9,26,-1.1465,0.7659,0.8207,4,12,0.5861
no_batch,105,0,26,-1.1592,0.7734,0.8379,4,13,0.0
