sample,age,publication,split,y,mu,sigma,z
"homosapiens_None_2020_10x3v2_bhaduriaparna_001_d10_1038_s41586_020_1962_0|homosapiens_None_2020_10x3v2_bhaduriaparna_001_d10_1038_s41586_020_1962_0Velasco, 2019 (doi: 10.1038/s41586-019-1289-x)_guided_10_Least Directed_1323_4",70,"Bhaduri, 2020",train,0.2419077134986225,0.2926171915666412,0.16287164931927045,-0.3113462550416924
"homosapiens_None_2020_10x3v2_bhaduriaparna_001_d10_1038_s41586_020_1962_0|homosapiens_None_2020_10x3v2_bhaduriaparna_001_d10_1038_s41586_020_1962_0Velasco, 2019 (doi: 10.1038/s41586-019-1289-x)_guided_10_Least Directed_H1",70,"Bhaduri, 2020",test,0.2159744772973281,0.2926171915666412,0.16287164931927045,-0.4705712417700981
"homosapiens_None_2020_10x3v2_bhaduriaparna_001_d10_1038_s41586_020_1962_0|homosapiens_None_2020_10x3v2_bhaduriaparna_001_d10_1038_s41586_020_1962_0Velasco, 2019 (doi: 10.1038/s41586-019-1289-x)_guided_10_Least Directed_H28126",70,"Bhaduri, 2020",test,0.8411178749308246,0.2926171915666412,0.16287164931927045,3.3676866763286744
"homosapiens_None_2020_10x3v2_bhaduriaparna_001_d10_1038_s41586_020_1962_0|homosapiens_None_2020_10x3v2_bhaduriaparna_001_d10_1038_s41586_020_1962_0Velasco, 2019 (doi: 10.1038/s41586-019-1289-x)_guided_10_Least Directed_YH10",70,"Bhaduri, 2020",train,0.5124223602484472,0.2926171915666412,0.16287164931927045,1.3495606485259517
"homosapiens_None_2020_10x3v2_bhaduriaparna_001_d10_1038_s41586_020_1962_0|homosapiens_None_2020_10x3v2_bhaduriaparna_001_d10_1038_s41586_020_1962_0Velasco, 2019 (doi: 10.1038/s41586-019-1289-x)_guided_15_Least Directed_1323_4",105,"Bhaduri, 2020",train,0.1951029926156237,0.09498045603089506,0.14175881474557034,0.7062879071359988
"homosapiens_None_2020_10x3v2_bhaduriaparna_001_d10_1038_s41586_020_1962_0|homosapiens_None_2020_10x3v2_bhaduriaparna_001_d10_1038_s41586_020_1962_0Velasco, 2019 (doi: 10.1038/s41586-019-1289-x)_guided_24_Least Directed_1323_4",168,"Bhaduri, 2020",train,0.0361860999425617,0.13504359838365917,0.114223045286656,-0.8654776992944209
"homosapiens_None_2020_10x3v2_bhaduriaparna_001_d10_1038_s41586_020_1962_0|homosapiens_None_2020_10x3v2_bhaduriaparna_001_d10_1038_s41586_020_1962_0Velasco, 2019 (doi: 10.1038/s41586-019-1289-x)_guided_24_Least Directed_H1",168,"Bhaduri, 2020",train,0.0435684647302904,0.13504359838365917,0.114223045286656,-0.8008465666783907
"homosapiens_None_2020_10x3v2_bhaduriaparna_001_d10_1038_s41586_020_1962_0|homosapiens_None_2020_10x3v2_bhaduriaparna_001_d10_1038_s41586_020_1962_0Velasco, 2019 (doi: 10.1038/s41586-019-1289-x)_guided_3_Least Directed_H1",21,"Bhaduri, 2020",train,0.9115706115266168,0.5924334953926808,0.19946473688727054,1.5999675988558293
"homosapiens_None_2020_10x3v2_bhaduriaparna_001_d10_1038_s41586_020_1962_0|homosapiens_None_2020_10x3v2_bhaduriaparna_001_d10_1038_s41586_020_1962_0Velasco, 2019 (doi: 10.1038/s41586-019-1289-x)_guided_3_Least Directed_H28126",21,"Bhaduri, 2020",test,0.7018258884903815,0.5924334953926808,0.19946473688727054,0.5484297365279405
"homosapiens_None_2020_10x3v2_bhaduriaparna_001_d10_1038_s41586_020_1962_0|homosapiens_None_2020_10x3v2_bhaduriaparna_001_d10_1038_s41586_020_1962_0Velasco, 2019 (doi: 10.1038/s41586-019-1289-x)_guided_5_Least Directed_1323_4",35,"Bhaduri, 2020",train,0.335651137379557,0.5603532584675088,0.1833297152827553,-1.2256721216273456
"homosapiens_None_2020_10x3v2_bhaduriaparna_001_d10_1038_s41586_020_1962_0|homosapiens_None_2020_10x3v2_bhaduriaparna_001_d10_1038_s41586_020_1962_0Velasco, 2019 (doi: 10.1038/s41586-019-1289-x)_guided_5_Least Directed_H1",35,"Bhaduri, 2020",train,0.1374367622259696,0.5603532584675088,0.1833297152827553,-2.3068627777513413
"homosapiens_None_2020_10x3v2_bhaduriaparna_001_d10_1038_s41586_020_1962_0|homosapiens_None_2020_10x3v2_bhaduriaparna_001_d10_1038_s41586_020_1962_0Velasco, 2019 (doi: 10.1038/s41586-019-1289-x)_guided_5_Least Directed_H28126",35,"Bhaduri, 2020",test,0.5627273430849006,0.5603532584675088,0.1833297152827553,0.012949808020647859
"homosapiens_None_2020_10x3v2_bhaduriaparna_001_d10_1038_s41586_020_1962_0|homosapiens_None_2020_10x3v2_bhaduriaparna_001_d10_1038_s41586_020_1962_0Velasco, 2019 (doi: 10.1038/s41586-019-1289-x)_guided_5_Least Directed_YH10",35,"Bhaduri, 2020",train,0.5793628418381731,0.5603532584675088,0.1833297152827553,0.10369068288436024
"homosapiens_None_2020_10x3v2_bhaduriaparna_001_d10_1038_s41586_020_1962_0|homosapiens_None_2020_10x3v2_bhaduriaparna_001_d10_1038_s41586_020_1962_0Velasco, 2019 (doi: 10.1038/s41586-019-1289-x)_guided_8_Least Directed_1323_4",56,"Bhaduri, 2020",train,0.2653256704980843,0.4080122569318368,0.1706399047112808,-0.83618533821368
"homosapiens_None_2020_10x3v2_bhaduriaparna_001_d10_1038_s41586_020_1962_0|homosapiens_None_2020_10x3v2_bhaduriaparna_001_d10_1038_s41586_020_1962_0Velasco, 2019 (doi: 10.1038/s41586-019-1289-x)_guided_8_Least Directed_H1",56,"Bhaduri, 2020",train,0.4539867633154743,0.4080122569318368,0.1706399047112808,0.2694241212887771
"homosapiens_None_2020_10x3v2_bhaduriaparna_001_d10_1038_s41586_020_1962_0|homosapiens_None_2020_10x3v2_bhaduriaparna_001_d10_1038_s41586_020_1962_0Velasco, 2019 (doi: 10.1038/s41586-019-1289-x)_guided_8_Least Directed_H28126",56,"Bhaduri, 2020",train,0.6805978955649523,0.4080122569318368,0.1706399047112808,1.5974319670086832
"homosapiens_None_2020_10x3v2_bhaduriaparna_001_d10_1038_s41586_020_1962_0|homosapiens_None_2020_10x3v2_bhaduriaparna_001_d10_1038_s41586_020_1962_0Velasco, 2019 (doi: 10.1038/s41586-019-1289-x)_guided_8_Least Directed_YH10",56,"Bhaduri, 2020",train,0.4258741258741259,0.4080122569318368,0.1706399047112808,0.10467580237173124
homosapiens_telencephalon_2019_10x3v2_velascosilvia_001_d10_1038_s41586_019_1289_x|homosapiens_telencephalon_2019_10x3v2_velascosilvia_001_d10_1038_s41586_019_1289_x10,166,"Velasco, 2019",train,0.105471018701359,0.13464227876990745,0.11492621052370079,-0.2538259978782869
homosapiens_telencephalon_2019_10x3v2_velascosilvia_001_d10_1038_s41586_019_1289_x|homosapiens_telencephalon_2019_10x3v2_velascosilvia_001_d10_1038_s41586_019_1289_x11,166,"Velasco, 2019",test,0.0941692789968652,0.13464227876990745,0.11492621052370079,-0.3521650943558749
homosapiens_telencephalon_2019_10x3v2_velascosilvia_001_d10_1038_s41586_019_1289_x|homosapiens_telencephalon_2019_10x3v2_velascosilvia_001_d10_1038_s41586_019_1289_x12,166,"Velasco, 2019",train,0.0857454942654287,0.13464227876990745,0.11492621052370079,-0.42546242742768337
homosapiens_telencephalon_2019_10x3v2_velascosilvia_002_d10_1038_s41586_019_1289_x|homosapiens_telencephalon_2019_10x3v2_velascosilvia_002_d10_1038_s41586_019_1289_x13,190,"Velasco, 2019",train,0.1810538116591928,0.10581193072362233,0.10756137959747138,0.6995250638951391
homosapiens_telencephalon_2019_10x3v2_velascosilvia_002_d10_1038_s41586_019_1289_x|homosapiens_telencephalon_2019_10x3v2_velascosilvia_002_d10_1038_s41586_019_1289_x14,190,"Velasco, 2019",test,0.199687072168981,0.10581193072362233,0.10756137959747138,0.8727588080096135
homosapiens_telencephalon_2019_10x3v2_velascosilvia_002_d10_1038_s41586_019_1289_x|homosapiens_telencephalon_2019_10x3v2_velascosilvia_002_d10_1038_s41586_019_1289_x15,190,"Velasco, 2019",train,0.2430299842188322,0.10581193072362233,0.10756137959747138,1.2757186083771253
homosapiens_telencephalon_2019_10x3v2_velascosilvia_003_d10_1038_s41586_019_1289_x|homosapiens_telencephalon_2019_10x3v2_velascosilvia_003_d10_1038_s41586_019_1289_x7,109,"Velasco, 2019",train,0.0851662147233102,0.08620651855934819,0.13978630205320908,-0.007442101413069716
homosapiens_telencephalon_2019_10x3v2_velascosilvia_003_d10_1038_s41586_019_1289_x|homosapiens_telencephalon_2019_10x3v2_velascosilvia_003_d10_1038_s41586_019_1289_x8,109,"Velasco, 2019",train,0.0923252674213314,0.08620651855934819,0.13978630205320908,0.04377216345314099
homosapiens_telencephalon_2019_10x3v2_velascosilvia_003_d10_1038_s41586_019_1289_x|homosapiens_telencephalon_2019_10x3v2_velascosilvia_003_d10_1038_s41586_019_1289_x9,109,"Velasco, 2019",test,0.1182373472949389,0.08620651855934819,0.13978630205320908,0.22914139844259065
homosapiens_telencephalon_2019_10x3v2_velascosilvia_004_d10_1038_s41586_019_1289_x|homosapiens_telencephalon_2019_10x3v2_velascosilvia_004_d10_1038_s41586_019_1289_x4,113,"Velasco, 2019",train,0.1007631767231099,0.08077969034272556,0.13786040403318675,0.14495450322032877
homosapiens_telencephalon_2019_10x3v2_velascosilvia_004_d10_1038_s41586_019_1289_x|homosapiens_telencephalon_2019_10x3v2_velascosilvia_004_d10_1038_s41586_019_1289_x5,113,"Velasco, 2019",train,0.081445448227936,0.08077969034272556,0.13786040403318675,0.004829217568883545
homosapiens_telencephalon_2019_10x3v2_velascosilvia_004_d10_1038_s41586_019_1289_x|homosapiens_telencephalon_2019_10x3v2_velascosilvia_004_d10_1038_s41586_019_1289_x6,113,"Velasco, 2019",train,0.069617201812747,0.08077969034272556,0.13786040403318675,-0.08096950395772382
homosapiens_telencephalon_2019_10x3v2_velascosilvia_005_d10_1038_s41586_019_1289_x|homosapiens_telencephalon_2019_10x3v2_velascosilvia_005_d10_1038_s41586_019_1289_x1,101,"Velasco, 2019",train,0.079385171790235,0.10723359066651486,0.14377157794250248,-0.19369905564656895
homosapiens_telencephalon_2019_10x3v2_velascosilvia_005_d10_1038_s41586_019_1289_x|homosapiens_telencephalon_2019_10x3v2_velascosilvia_005_d10_1038_s41586_019_1289_x2,101,"Velasco, 2019",test,0.0573487934816671,0.10723359066651486,0.14377157794250248,-0.34697259290565624
homosapiens_telencephalon_2019_10x3v2_velascosilvia_005_d10_1038_s41586_019_1289_x|homosapiens_telencephalon_2019_10x3v2_velascosilvia_005_d10_1038_s41586_019_1289_x3,101,"Velasco, 2019",train,0.0601970865467009,0.10723359066651486,0.14377157794250248,-0.32716135409340025
homosapiens_telencephalon_2019_10x3v2_velascosilvia_006_d10_1038_s41586_019_1289_x|homosapiens_telencephalon_2019_10x3v2_velascosilvia_006_d10_1038_s41586_019_1289_x19,166,"Velasco, 2019",train,0.1341795104261106,0.13464227876990745,0.11492621052370079,-0.004026656249153797
homosapiens_telencephalon_2019_10x3v2_velascosilvia_006_d10_1038_s41586_019_1289_x|homosapiens_telencephalon_2019_10x3v2_velascosilvia_006_d10_1038_s41586_019_1289_x20,166,"Velasco, 2019",train,0.1040812981478446,0.13464227876990745,0.11492621052370079,-0.26591828341682183
homosapiens_telencephalon_2019_10x3v2_velascosilvia_006_d10_1038_s41586_019_1289_x|homosapiens_telencephalon_2019_10x3v2_velascosilvia_006_d10_1038_s41586_019_1289_x21,166,"Velasco, 2019",train,0.7693940563489,0.13464227876990745,0.11492621052370079,5.523124574337985
homosapiens_telencephalon_2019_10x3v2_velascosilvia_007_d10_1038_s41586_019_1289_x|homosapiens_telencephalon_2019_10x3v2_velascosilvia_007_d10_1038_s41586_019_1289_x16,166,"Velasco, 2019",train,0.1163862928348909,0.13464227876990745,0.11492621052370079,-0.15884962926931004
homosapiens_telencephalon_2019_10x3v2_velascosilvia_007_d10_1038_s41586_019_1289_x|homosapiens_telencephalon_2019_10x3v2_velascosilvia_007_d10_1038_s41586_019_1289_x17,166,"Velasco, 2019",train,0.1084397280716299,0.13464227876990745,0.11492621052370079,-0.22799455910776664
homosapiens_telencephalon_2019_10x3v2_velascosilvia_007_d10_1038_s41586_019_1289_x|homosapiens_telencephalon_2019_10x3v2_velascosilvia_007_d10_1038_s41586_019_1289_x18,166,"Velasco, 2019",train,0.0907630522088353,0.13464227876990745,0.11492621052370079,-0.3818034751265298
homosapiens_telencephalon_2022_10x3v2_paulsenbruna_001_d10_1038_s41586_021_04358_6|homosapiens_telencephalon_2022_10x3v2_paulsenbruna_001_d10_1038_s41586_021_04358_6GMmap_1,32,"Paulsen, 2022",train,0.0340993328391401,0.5738089465795916,0.18548195490325373,-2.9097688452871915
homosapiens_telencephalon_2022_10x3v2_paulsenbruna_001_d10_1038_s41586_021_04358_6|homosapiens_telencephalon_2022_10x3v2_paulsenbruna_001_d10_1038_s41586_021_04358_6GMmap_2,32,"Paulsen, 2022",train,0.0384313725490196,0.5738089465795916,0.18548195490325373,-2.886413259499134
homosapiens_telencephalon_2022_10x3v2_paulsenbruna_001_d10_1038_s41586_021_04358_6|homosapiens_telencephalon_2022_10x3v2_paulsenbruna_001_d10_1038_s41586_021_04358_6GMmap_3,32,"Paulsen, 2022",train,0.0152894066254095,0.5738089465795916,0.18548195490325373,-3.0111799298508717
homosapiens_telencephalon_2022_10x3v2_paulsenbruna_001_d10_1038_s41586_021_04358_6|homosapiens_telencephalon_2022_10x3v2_paulsenbruna_001_d10_1038_s41586_021_04358_6GMmap_4,98,"Paulsen, 2022",train,0.1218390804597701,0.11856891227193239,0.14533130324748186,0.022501471567133863
homosapiens_telencephalon_2022_10x3v2_paulsenbruna_001_d10_1038_s41586_021_04358_6|homosapiens_telencephalon_2022_10x3v2_paulsenbruna_001_d10_1038_s41586_021_04358_6GMmap_5,98,"Paulsen, 2022",train,0.1223237597911227,0.11856891227193239,0.14533130324748186,0.025836467679617933
homosapiens_telencephalon_2022_10x3v2_paulsenbruna_001_d10_1038_s41586_021_04358_6|homosapiens_telencephalon_2022_10x3v2_paulsenbruna_001_d10_1038_s41586_021_04358_6GMmap_6,98,"Paulsen, 2022",train,0.1181998021760633,0.11856891227193239,0.14533130324748186,-0.002539783842993259
homosapiens_telencephalon_2022_10x3v3_paulsenbruna_002_d10_1038_s41586_021_04358_6|homosapiens_telencephalon_2022_10x3v3_paulsenbruna_002_d10_1038_s41586_021_04358_6Mito210map_7,178,"Paulsen, 2022",train,0.0623938879456706,0.13007113836580633,0.11111638674262296,-0.6090663348952787
homosapiens_telencephalon_2022_10x3v3_paulsenbruna_002_d10_1038_s41586_021_04358_6|homosapiens_telencephalon_2022_10x3v3_paulsenbruna_002_d10_1038_s41586_021_04358_6Mito210map_8,178,"Paulsen, 2022",test,0.0412607449856733,0.13007113836580633,0.11111638674262296,-0.7992555912193499
homosapiens_telencephalon_2022_10x3v3_paulsenbruna_002_d10_1038_s41586_021_04358_6|homosapiens_telencephalon_2022_10x3v3_paulsenbruna_002_d10_1038_s41586_021_04358_6Mito210map_9,178,"Paulsen, 2022",train,0.0490566037735849,0.13007113836580633,0.11111638674262296,-0.729096193344318
homosapiens_telencephalon_2022_10x3v3_paulsenbruna_003_d10_1038_s41586_021_04358_6|homosapiens_telencephalon_2022_10x3v3_paulsenbruna_003_d10_1038_s41586_021_04358_6CHD8_12,108,"Paulsen, 2022",train,0.118920233463035,0.08807149600474562,0.14027642993448064,0.2199139047999579
homosapiens_telencephalon_2022_10x3v3_paulsenbruna_003_d10_1038_s41586_021_04358_6|homosapiens_telencephalon_2022_10x3v3_paulsenbruna_003_d10_1038_s41586_021_04358_6CHD8_13,108,"Paulsen, 2022",train,0.1295929592959296,0.08807149600474562,0.14027642993448064,0.2959974338566893
homosapiens_telencephalon_2022_10x3v3_paulsenbruna_003_d10_1038_s41586_021_04358_6|homosapiens_telencephalon_2022_10x3v3_paulsenbruna_003_d10_1038_s41586_021_04358_6CHD8_14,108,"Paulsen, 2022",train,0.1259420864736215,0.08807149600474562,0.14027642993448064,0.26997115970633273
homosapiens_telencephalon_2022_10x3v3_paulsenbruna_004_d10_1038_s41586_021_04358_6|homosapiens_telencephalon_2022_10x3v3_paulsenbruna_004_d10_1038_s41586_021_04358_6CHD8_18,108,"Paulsen, 2022",train,0.1566084788029925,0.08807149600474562,0.14027642993448064,0.4885851659488243
homosapiens_telencephalon_2022_10x3v3_paulsenbruna_004_d10_1038_s41586_021_04358_6|homosapiens_telencephalon_2022_10x3v3_paulsenbruna_004_d10_1038_s41586_021_04358_6CHD8_19,108,"Paulsen, 2022",test,0.1297388374052232,0.08807149600474562,0.14027642993448064,0.2970373670041307
homosapiens_telencephalon_2022_10x3v3_paulsenbruna_004_d10_1038_s41586_021_04358_6|homosapiens_telencephalon_2022_10x3v3_paulsenbruna_004_d10_1038_s41586_021_04358_6CHD8_20,108,"Paulsen, 2022",test,0.1486033519553072,0.08807149600474562,0.14027642993448064,0.431518366833504
homosapiens_telencephalon_2022_10x3v3_paulsenbruna_005_d10_1038_s41586_021_04358_6|homosapiens_telencephalon_2022_10x3v3_paulsenbruna_005_d10_1038_s41586_021_04358_6CHD8_24,105,"Paulsen, 2022",test,0.0728581460674157,0.09498045603089506,0.14175881474557034,-0.15605597438991453
homosapiens_telencephalon_2022_10x3v3_paulsenbruna_005_d10_1038_s41586_021_04358_6|homosapiens_telencephalon_2022_10x3v3_paulsenbruna_005_d10_1038_s41586_021_04358_6CHD8_25,105,"Paulsen, 2022",train,0.0680784536668561,0.09498045603089506,0.14175881474557034,-0.18977304806281597
homosapiens_telencephalon_2022_10x3v3_paulsenbruna_005_d10_1038_s41586_021_04358_6|homosapiens_telencephalon_2022_10x3v3_paulsenbruna_005_d10_1038_s41586_021_04358_6CHD8_26,105,"Paulsen, 2022",train,0.0737174665262524,0.09498045603089506,0.14175881474557034,-0.1499941258877315
homosapiens_telencephalon_2022_10x3v3_paulsenbruna_007_d10_1038_s41586_021_04358_6|homosapiens_telencephalon_2022_10x3v3_paulsenbruna_007_d10_1038_s41586_021_04358_6CHD8_7,107,"Paulsen, 2022",train,0.0577081615828524,0.09015227690711863,0.14076877203495916,-0.23047807305024198
homosapiens_telencephalon_2022_10x3v3_paulsenbruna_007_d10_1038_s41586_021_04358_6|homosapiens_telencephalon_2022_10x3v3_paulsenbruna_007_d10_1038_s41586_021_04358_6CHD8_8,107,"Paulsen, 2022",train,0.0549738219895288,0.09015227690711863,0.14076877203495916,-0.24990240668472577
homosapiens_telencephalon_2022_10x3v3_paulsenbruna_007_d10_1038_s41586_021_04358_6|homosapiens_telencephalon_2022_10x3v3_paulsenbruna_007_d10_1038_s41586_021_04358_6CHD8_9,107,"Paulsen, 2022",test,0.0441753368582636,0.09015227690711863,0.14076877203495916,-0.32661320678024297
homosapiens_telencephalon_2022_10x3v3_paulsenbruna_008_d10_1038_s41586_021_04358_6|homosapiens_telencephalon_2022_10x3v3_paulsenbruna_008_d10_1038_s41586_021_04358_6CHD8_30,190,"Paulsen, 2022",train,0.0821548821548821,0.10581193072362233,0.10756137959747138,-0.21993998828643085
homosapiens_telencephalon_2022_10x3v3_paulsenbruna_008_d10_1038_s41586_021_04358_6|homosapiens_telencephalon_2022_10x3v3_paulsenbruna_008_d10_1038_s41586_021_04358_6CHD8_31,190,"Paulsen, 2022",train,0.0717305332060548,0.10581193072362233,0.10756137959747138,-0.31685534013333433
homosapiens_telencephalon_2022_10x3v3_paulsenbruna_008_d10_1038_s41586_021_04358_6|homosapiens_telencephalon_2022_10x3v3_paulsenbruna_008_d10_1038_s41586_021_04358_6CHD8_32,190,"Paulsen, 2022",train,0.0669563499901244,0.10581193072362233,0.10756137959747138,-0.36124100377763607
homosapiens_telencephalon_2022_10x3v3_paulsenbruna_009_d10_1038_s41586_021_04358_6|homosapiens_telencephalon_2022_10x3v3_paulsenbruna_009_d10_1038_s41586_021_04358_6SUV_7,36,"Paulsen, 2022",train,0.7805928553331644,0.5552143847563817,0.18264685866202265,1.233957551899824
homosapiens_telencephalon_2022_10x3v3_paulsenbruna_009_d10_1038_s41586_021_04358_6|homosapiens_telencephalon_2022_10x3v3_paulsenbruna_009_d10_1038_s41586_021_04358_6SUV_8,36,"Paulsen, 2022",test,0.7830150345388054,0.5552143847563817,0.18264685866202265,1.2472190950951718
homosapiens_telencephalon_2022_10x3v3_paulsenbruna_009_d10_1038_s41586_021_04358_6|homosapiens_telencephalon_2022_10x3v3_paulsenbruna_009_d10_1038_s41586_021_04358_6SUV_9,36,"Paulsen, 2022",train,0.7861493644067796,0.5552143847563817,0.18264685866202265,1.264379696109253
homosapiens_telencephalon_2022_10x3v3_paulsenbruna_010_d10_1038_s41586_021_04358_6|homosapiens_telencephalon_2022_10x3v3_paulsenbruna_010_d10_1038_s41586_021_04358_6SUV_1,28,"Paulsen, 2022",train,0.6528758829465187,0.5866363980761495,0.18890616879834252,0.3506475478896605
homosapiens_telencephalon_2022_10x3v3_paulsenbruna_010_d10_1038_s41586_021_04358_6|homosapiens_telencephalon_2022_10x3v3_paulsenbruna_010_d10_1038_s41586_021_04358_6SUV_2,28,"Paulsen, 2022",train,0.6408418657565416,0.5866363980761495,0.18890616879834252,0.28694387285073997
homosapiens_telencephalon_2022_10x3v3_paulsenbruna_010_d10_1038_s41586_021_04358_6|homosapiens_telencephalon_2022_10x3v3_paulsenbruna_010_d10_1038_s41586_021_04358_6SUV_3,28,"Paulsen, 2022",train,0.74467573095897,0.5866363980761495,0.18890616879834252,0.8366022871996709
homosapiens_telencephalon_2022_10x3v3_paulsenbruna_011_d10_1038_s41586_021_04358_6|homosapiens_telencephalon_2022_10x3v3_paulsenbruna_011_d10_1038_s41586_021_04358_6SUV_18,35,"Paulsen, 2022",test,0.7332386363636364,0.5603532584675088,0.1833297152827553,0.9430297626845757
homosapiens_telencephalon_2022_10x3v3_paulsenbruna_011_d10_1038_s41586_021_04358_6|homosapiens_telencephalon_2022_10x3v3_paulsenbruna_011_d10_1038_s41586_021_04358_6SUV_19,35,"Paulsen, 2022",train,0.7397388059701493,0.5603532584675088,0.1833297152827553,0.9784859329867412
homosapiens_telencephalon_2022_10x3v3_paulsenbruna_011_d10_1038_s41586_021_04358_6|homosapiens_telencephalon_2022_10x3v3_paulsenbruna_011_d10_1038_s41586_021_04358_6SUV_20,35,"Paulsen, 2022",test,0.7391394720432343,0.5603532584675088,0.1833297152827553,0.9752167743236699
homosapiens_telencephalon_2022_10x3v3_paulsenbruna_012_d10_1038_s41586_021_04358_6|homosapiens_telencephalon_2022_10x3v3_paulsenbruna_012_d10_1038_s41586_021_04358_6SUV_24,92,"Paulsen, 2022",test,0.0813700616165277,0.14628445524109568,0.1486583964172104,-0.436668194929168
homosapiens_telencephalon_2022_10x3v3_paulsenbruna_012_d10_1038_s41586_021_04358_6|homosapiens_telencephalon_2022_10x3v3_paulsenbruna_012_d10_1038_s41586_021_04358_6SUV_25,92,"Paulsen, 2022",train,0.0952841930576683,0.14628445524109568,0.1486583964172104,-0.3430701757356169
homosapiens_telencephalon_2022_10x3v3_paulsenbruna_012_d10_1038_s41586_021_04358_6|homosapiens_telencephalon_2022_10x3v3_paulsenbruna_012_d10_1038_s41586_021_04358_6SUV_26,92,"Paulsen, 2022",train,0.0876371616678858,0.14628445524109568,0.1486583964172104,-0.3945104682053477
homosapiens_telencephalon_2022_10x3v3_paulsenbruna_013_d10_1038_s41586_021_04358_6|homosapiens_telencephalon_2022_10x3v3_paulsenbruna_013_d10_1038_s41586_021_04358_6SUV_30,90,"Paulsen, 2022",test,0.0821529745042493,0.15689941229891932,0.14984157819543462,-0.49883642907965176
homosapiens_telencephalon_2022_10x3v3_paulsenbruna_013_d10_1038_s41586_021_04358_6|homosapiens_telencephalon_2022_10x3v3_paulsenbruna_013_d10_1038_s41586_021_04358_6SUV_31,90,"Paulsen, 2022",train,0.0931003980539584,0.15689941229891932,0.14984157819543462,-0.42577644344982435
homosapiens_telencephalon_2022_10x3v3_paulsenbruna_013_d10_1038_s41586_021_04358_6|homosapiens_telencephalon_2022_10x3v3_paulsenbruna_013_d10_1038_s41586_021_04358_6SUV_32,90,"Paulsen, 2022",train,0.0619520748100526,0.15689941229891932,0.14984157819543462,-0.6336514779965094
homosapiens_telencephalon_2022_10x3v3_paulsenbruna_014_d10_1038_s41586_021_04358_6|homosapiens_telencephalon_2022_10x3v3_paulsenbruna_014_d10_1038_s41586_021_04358_6SUV_12,38,"Paulsen, 2022",train,0.6502950694841043,0.5440426279739901,0.18130736466794808,0.5860348900041004
homosapiens_telencephalon_2022_10x3v3_paulsenbruna_014_d10_1038_s41586_021_04358_6|homosapiens_telencephalon_2022_10x3v3_paulsenbruna_014_d10_1038_s41586_021_04358_6SUV_13,38,"Paulsen, 2022",train,0.6257323118521857,0.5440426279739901,0.18130736466794808,0.45055910457804427
homosapiens_telencephalon_2022_10x3v3_paulsenbruna_014_d10_1038_s41586_021_04358_6|homosapiens_telencephalon_2022_10x3v3_paulsenbruna_014_d10_1038_s41586_021_04358_6SUV_14,38,"Paulsen, 2022",train,0.6973969631236442,0.5440426279739901,0.18130736466794808,0.8458251843796419
homosapiens_telencephalon_2022_10x3v3_paulsenbruna_015_d10_1038_s41586_021_04358_6|homosapiens_telencephalon_2022_10x3v3_paulsenbruna_015_d10_1038_s41586_021_04358_6ARID1B_1,35,"Paulsen, 2022",train,0.6465880826213907,0.5603532584675088,0.1833297152827553,0.4703810509980832
homosapiens_telencephalon_2022_10x3v3_paulsenbruna_015_d10_1038_s41586_021_04358_6|homosapiens_telencephalon_2022_10x3v3_paulsenbruna_015_d10_1038_s41586_021_04358_6ARID1B_2,35,"Paulsen, 2022",test,0.6745343905587314,0.5603532584675088,0.1833297152827553,0.6228184662541877
homosapiens_telencephalon_2022_10x3v3_paulsenbruna_015_d10_1038_s41586_021_04358_6|homosapiens_telencephalon_2022_10x3v3_paulsenbruna_015_d10_1038_s41586_021_04358_6ARID1B_3,35,"Paulsen, 2022",train,0.695199275362319,0.5603532584675088,0.1833297152827553,0.735538244232981
homosapiens_telencephalon_2022_10x3v3_paulsenbruna_016_d10_1038_s41586_021_04358_6|homosapiens_telencephalon_2022_10x3v3_paulsenbruna_016_d10_1038_s41586_021_04358_6ARID1B_7,35,"Paulsen, 2022",train,0.6369947929580957,0.5603532584675088,0.1833297152827553,0.4180529837859626
homosapiens_telencephalon_2022_10x3v3_paulsenbruna_016_d10_1038_s41586_021_04358_6|homosapiens_telencephalon_2022_10x3v3_paulsenbruna_016_d10_1038_s41586_021_04358_6ARID1B_8,35,"Paulsen, 2022",train,0.5755600133734536,0.5603532584675088,0.1833297152827553,0.08294757280613729
homosapiens_telencephalon_2022_10x3v3_paulsenbruna_016_d10_1038_s41586_021_04358_6|homosapiens_telencephalon_2022_10x3v3_paulsenbruna_016_d10_1038_s41586_021_04358_6ARID1B_9,35,"Paulsen, 2022",test,0.6116022099447513,0.5603532584675088,0.1833297152827553,0.27954525210601877
homosapiens_telencephalon_2022_10x3v3_paulsenbruna_017_d10_1038_s41586_021_04358_6|homosapiens_telencephalon_2022_10x3v3_paulsenbruna_017_d10_1038_s41586_021_04358_6ARID1B_19,90,"Paulsen, 2022",train,0.140913921360255,0.15689941229891932,0.14984157819543462,-0.10668261193708753
homosapiens_telencephalon_2022_10x3v3_paulsenbruna_017_d10_1038_s41586_021_04358_6|homosapiens_telencephalon_2022_10x3v3_paulsenbruna_017_d10_1038_s41586_021_04358_6ARID1B_20,90,"Paulsen, 2022",train,0.1061338289962825,0.15689941229891932,0.14984157819543462,-0.33879503882710393
homosapiens_telencephalon_2022_10x3v3_paulsenbruna_017_d10_1038_s41586_021_04358_6|homosapiens_telencephalon_2022_10x3v3_paulsenbruna_017_d10_1038_s41586_021_04358_6ARID1B_21,90,"Paulsen, 2022",train,0.1155858930602957,0.15689941229891932,0.14984157819543462,-0.275714656346848
homosapiens_telencephalon_2022_10x3v3_paulsenbruna_018_d10_1038_s41586_021_04358_6|homosapiens_telencephalon_2022_10x3v3_paulsenbruna_018_d10_1038_s41586_021_04358_6ARID1B_13,35,"Paulsen, 2022",train,0.6882505679974034,0.5603532584675088,0.1833297152827553,0.6976354560559612
homosapiens_telencephalon_2022_10x3v3_paulsenbruna_018_d10_1038_s41586_021_04358_6|homosapiens_telencephalon_2022_10x3v3_paulsenbruna_018_d10_1038_s41586_021_04358_6ARID1B_14,35,"Paulsen, 2022",train,0.6817731199546807,0.5603532584675088,0.1833297152827553,0.6623032240021871
homosapiens_telencephalon_2022_10x3v3_paulsenbruna_018_d10_1038_s41586_021_04358_6|homosapiens_telencephalon_2022_10x3v3_paulsenbruna_018_d10_1038_s41586_021_04358_6ARID1B_15,35,"Paulsen, 2022",train,0.7012999246420498,0.5603532584675088,0.1833297152827553,0.7688151697456924
homosapiens_telencephalon_2022_10x3v3_uzquianoana_001_d10_1016_j_cell_2022_09_010|homosapiens_telencephalon_2022_10x3v3_uzquianoana_001_d10_1016_j_cell_2022_09_010Org1,23,"Uzquiano, 2022",train,0.5447849145550973,0.5931557848541664,0.19548060355073715,-0.24744588169083748
homosapiens_telencephalon_2022_10x3v3_uzquianoana_001_d10_1016_j_cell_2022_09_010|homosapiens_telencephalon_2022_10x3v3_uzquianoana_001_d10_1016_j_cell_2022_09_010Org2,23,"Uzquiano, 2022",train,0.395952380952381,0.5931557848541664,0.19548060355073715,-1.0088131524036408
homosapiens_telencephalon_2022_10x3v3_uzquianoana_001_d10_1016_j_cell_2022_09_010|homosapiens_telencephalon_2022_10x3v3_uzquianoana_001_d10_1016_j_cell_2022_09_010Org3,23,"Uzquiano, 2022",train,0.4752824858757062,0.5931557848541664,0.19548060355073715,-0.6029923012175791
homosapiens_telencephalon_2022_10x3v3_uzquianoana_001_d10_1016_j_cell_2022_09_010|homosapiens_telencephalon_2022_10x3v3_uzquianoana_001_d10_1016_j_cell_2022_09_010Org4,23,"Uzquiano, 2022",test,0.7605122324159022,0.5931557848541664,0.19548060355073715,0.8561281504243885
homosapiens_telencephalon_2022_10x3v3_uzquianoana_001_d10_1016_j_cell_2022_09_010|homosapiens_telencephalon_2022_10x3v3_uzquianoana_001_d10_1016_j_cell_2022_09_010Org5,23,"Uzquiano, 2022",train,0.7566604445952826,0.5931557848541664,0.19548060355073715,0.836423955989467
homosapiens_telencephalon_2022_10x3v3_uzquianoana_001_d10_1016_j_cell_2022_09_010|homosapiens_telencephalon_2022_10x3v3_uzquianoana_001_d10_1016_j_cell_2022_09_010Org6,23,"Uzquiano, 2022",train,0.7111203434427363,0.5931557848541664,0.19548060355073715,0.6034591486103741
homosapiens_telencephalon_2022_10x3v3_uzquianoana_002_d10_1016_j_cell_2022_09_010|homosapiens_telencephalon_2022_10x3v3_uzquianoana_002_d10_1016_j_cell_2022_09_010Org16,35,"Uzquiano, 2022",train,0.6529555979297194,0.5603532584675088,0.1833297152827553,0.5051136381212774
homosapiens_telencephalon_2022_10x3v3_uzquianoana_002_d10_1016_j_cell_2022_09_010|homosapiens_telencephalon_2022_10x3v3_uzquianoana_002_d10_1016_j_cell_2022_09_010Org17,35,"Uzquiano, 2022",train,0.6959247648902821,0.5603532584675088,0.1833297152827553,0.7394955379365367
homosapiens_telencephalon_2022_10x3v3_uzquianoana_002_d10_1016_j_cell_2022_09_010|homosapiens_telencephalon_2022_10x3v3_uzquianoana_002_d10_1016_j_cell_2022_09_010Org18,35,"Uzquiano, 2022",train,0.6386922817660937,0.5603532584675088,0.1833297152827553,0.42731219637667617
homosapiens_telencephalon_2022_10x3v3_uzquianoana_003_d10_1016_j_cell_2022_09_010|homosapiens_telencephalon_2022_10x3v3_uzquianoana_003_d10_1016_j_cell_2022_09_010Org19,45,"Uzquiano, 2022",train,0.5726830586328019,0.4970673810881462,0.1767900806110428,0.42771448083118596
homosapiens_telencephalon_2022_10x3v3_uzquianoana_003_d10_1016_j_cell_2022_09_010|homosapiens_telencephalon_2022_10x3v3_uzquianoana_003_d10_1016_j_cell_2022_09_010Org20,45,"Uzquiano, 2022",train,0.5470228158041179,0.4970673810881462,0.1767900806110428,0.2825692173639486
homosapiens_telencephalon_2022_10x3v3_uzquianoana_003_d10_1016_j_cell_2022_09_010|homosapiens_telencephalon_2022_10x3v3_uzquianoana_003_d10_1016_j_cell_2022_09_010Org21,45,"Uzquiano, 2022",test,0.5242648816638776,0.4970673810881462,0.1767900806110428,0.15384064808233716
homosapiens_telencephalon_2022_10x3v3_uzquianoana_003_d10_1016_j_cell_2022_09_010|homosapiens_telencephalon_2022_10x3v3_uzquianoana_003_d10_1016_j_cell_2022_09_010Org22,47,"Uzquiano, 2022",train,0.6034907138062207,0.4818716539778737,0.17556735862718145,0.6927202230490116
homosapiens_telencephalon_2022_10x3v3_uzquianoana_003_d10_1016_j_cell_2022_09_010|homosapiens_telencephalon_2022_10x3v3_uzquianoana_003_d10_1016_j_cell_2022_09_010Org23,47,"Uzquiano, 2022",train,0.5045127734434756,0.4818716539778737,0.17556735862718145,0.1289597317100411
homosapiens_telencephalon_2022_10x3v3_uzquianoana_003_d10_1016_j_cell_2022_09_010|homosapiens_telencephalon_2022_10x3v3_uzquianoana_003_d10_1016_j_cell_2022_09_010Org24,47,"Uzquiano, 2022",train,0.5623429648241207,0.4818716539778737,0.17556735862718145,0.45835006846078047
homosapiens_telencephalon_2022_10x3v3_uzquianoana_004_d10_1016_j_cell_2022_09_010|homosapiens_telencephalon_2022_10x3v3_uzquianoana_004_d10_1016_j_cell_2022_09_010Org25,61,"Uzquiano, 2022",train,0.2777206336144826,0.3657891286020842,0.16808866172667897,-0.5239407232047906
homosapiens_telencephalon_2022_10x3v3_uzquianoana_004_d10_1016_j_cell_2022_09_010|homosapiens_telencephalon_2022_10x3v3_uzquianoana_004_d10_1016_j_cell_2022_09_010Org26,61,"Uzquiano, 2022",train,0.2710204081632653,0.3657891286020842,0.16808866172667897,-0.5638019808434067
homosapiens_telencephalon_2022_10x3v3_uzquianoana_004_d10_1016_j_cell_2022_09_010|homosapiens_telencephalon_2022_10x3v3_uzquianoana_004_d10_1016_j_cell_2022_09_010Org27,61,"Uzquiano, 2022",train,0.2084844089920232,0.3657891286020842,0.16808866172667897,-0.9358437267223102
homosapiens_telencephalon_2022_10x3v3_uzquianoana_004_d10_1016_j_cell_2022_09_010|homosapiens_telencephalon_2022_10x3v3_uzquianoana_004_d10_1016_j_cell_2022_09_010Org28,60,"Uzquiano, 2022",train,0.3409961685823754,0.37418118464463157,0.1686105534340803,-0.19681458477170688
homosapiens_telencephalon_2022_10x3v3_uzquianoana_004_d10_1016_j_cell_2022_09_010|homosapiens_telencephalon_2022_10x3v3_uzquianoana_004_d10_1016_j_cell_2022_09_010Org29,60,"Uzquiano, 2022",test,0.2539319416642837,0.37418118464463157,0.1686105534340803,-0.7131774407428204
homosapiens_telencephalon_2022_10x3v3_uzquianoana_004_d10_1016_j_cell_2022_09_010|homosapiens_telencephalon_2022_10x3v3_uzquianoana_004_d10_1016_j_cell_2022_09_010Org30,60,"Uzquiano, 2022",train,0.3329250640240508,0.37418118464463157,0.1686105534340803,-0.24468290851503688
homosapiens_telencephalon_2022_10x3v3_uzquianoana_005_d10_1016_j_cell_2022_09_010|homosapiens_telencephalon_2022_10x3v3_uzquianoana_005_d10_1016_j_cell_2022_09_010Org37,90,"Uzquiano, 2022",train,0.1291050903119869,0.15689941229891932,0.14984157819543462,-0.1854913857799934
homosapiens_telencephalon_2022_10x3v3_uzquianoana_005_d10_1016_j_cell_2022_09_010|homosapiens_telencephalon_2022_10x3v3_uzquianoana_005_d10_1016_j_cell_2022_09_010Org38,90,"Uzquiano, 2022",train,0.1081953976584578,0.15689941229891932,0.14984157819543462,-0.32503671695807984
homosapiens_telencephalon_2022_10x3v3_uzquianoana_005_d10_1016_j_cell_2022_09_010|homosapiens_telencephalon_2022_10x3v3_uzquianoana_005_d10_1016_j_cell_2022_09_010Org39,90,"Uzquiano, 2022",train,0.1211626387981711,0.15689941229891932,0.14984157819543462,-0.23849704421917942
homosapiens_telencephalon_2022_10x3v3_uzquianoana_006_d10_1016_j_cell_2022_09_010|homosapiens_telencephalon_2022_10x3v3_uzquianoana_006_d10_1016_j_cell_2022_09_010Org52,119,"Uzquiano, 2022",train,0.0615229450327786,0.07805145118636264,0.13515520834871383,-0.12229277994924795
homosapiens_telencephalon_2022_10x3v3_uzquianoana_006_d10_1016_j_cell_2022_09_010|homosapiens_telencephalon_2022_10x3v3_uzquianoana_006_d10_1016_j_cell_2022_09_010Org53,119,"Uzquiano, 2022",train,0.0586466165413533,0.07805145118636264,0.13515520834871383,-0.14357444956869828
homosapiens_telencephalon_2022_10x3v3_uzquianoana_006_d10_1016_j_cell_2022_09_010|homosapiens_telencephalon_2022_10x3v3_uzquianoana_006_d10_1016_j_cell_2022_09_010Org54,119,"Uzquiano, 2022",train,0.0634199527530438,0.07805145118636264,0.13515520834871383,-0.10825700771788344
homosapiens_telencephalon_2022_10x3v3_uzquianoana_006_d10_1016_j_cell_2022_09_010|homosapiens_telencephalon_2022_10x3v3_uzquianoana_006_d10_1016_j_cell_2022_09_010Org55,119,"Uzquiano, 2022",train,0.057738572574178,0.07805145118636264,0.13515520834871383,-0.1502929769437771
homosapiens_telencephalon_2022_10x3v3_uzquianoana_006_d10_1016_j_cell_2022_09_010|homosapiens_telencephalon_2022_10x3v3_uzquianoana_006_d10_1016_j_cell_2022_09_010Org56,119,"Uzquiano, 2022",train,0.0698049330968886,0.07805145118636264,0.13515520834871383,-0.061015170560036476
homosapiens_telencephalon_2022_10x3v3_uzquianoana_006_d10_1016_j_cell_2022_09_010|homosapiens_telencephalon_2022_10x3v3_uzquianoana_006_d10_1016_j_cell_2022_09_010Org57,119,"Uzquiano, 2022",train,0.0766779949022939,0.07805145118636264,0.13515520834871383,-0.01016206701058143
homosapiens_telencephalon_2022_10x3v3_uzquianoana_007_d10_1016_j_cell_2022_09_010|homosapiens_telencephalon_2022_10x3v3_uzquianoana_007_d10_1016_j_cell_2022_09_010Org58,147,"Uzquiano, 2022",train,0.0750609870519797,0.11352095288809488,0.12487629863481231,-0.3079845115251801
homosapiens_telencephalon_2022_10x3v3_uzquianoana_007_d10_1016_j_cell_2022_09_010|homosapiens_telencephalon_2022_10x3v3_uzquianoana_007_d10_1016_j_cell_2022_09_010Org59,147,"Uzquiano, 2022",train,0.0748481166464155,0.11352095288809488,0.12487629863481231,-0.30968916171013394
homosapiens_telencephalon_2022_10x3v3_uzquianoana_007_d10_1016_j_cell_2022_09_010|homosapiens_telencephalon_2022_10x3v3_uzquianoana_007_d10_1016_j_cell_2022_09_010Org60,147,"Uzquiano, 2022",train,0.0760610395803528,0.11352095288809488,0.12487629863481231,-0.2999761661521506
homosapiens_telencephalon_2022_10x3v3_uzquianoana_007_d10_1016_j_cell_2022_09_010|homosapiens_telencephalon_2022_10x3v3_uzquianoana_007_d10_1016_j_cell_2022_09_010Org61,149,"Uzquiano, 2022",test,0.0837658850903884,0.11684323071537084,0.12389678424947927,-0.26697501331735707
homosapiens_telencephalon_2022_10x3v3_uzquianoana_007_d10_1016_j_cell_2022_09_010|homosapiens_telencephalon_2022_10x3v3_uzquianoana_007_d10_1016_j_cell_2022_09_010Org62,149,"Uzquiano, 2022",train,0.0993093149150644,0.11684323071537084,0.12389678424947927,-0.14152034620204554
homosapiens_telencephalon_2022_10x3v3_uzquianoana_007_d10_1016_j_cell_2022_09_010|homosapiens_telencephalon_2022_10x3v3_uzquianoana_007_d10_1016_j_cell_2022_09_010Org63,149,"Uzquiano, 2022",test,0.0711763612711392,0.11684323071537084,0.12389678424947927,-0.36858801235935723
homosapiens_telencephalon_2022_10x3v3_uzquianoana_008_d10_1016_j_cell_2022_09_010|homosapiens_telencephalon_2022_10x3v3_uzquianoana_008_d10_1016_j_cell_2022_09_010Org73,192,"Uzquiano, 2022",test,0.079464988198269,0.09951700090209417,0.10862838032981924,-0.18459276151354648
homosapiens_telencephalon_2022_10x3v3_uzquianoana_008_d10_1016_j_cell_2022_09_010|homosapiens_telencephalon_2022_10x3v3_uzquianoana_008_d10_1016_j_cell_2022_09_010Org74,192,"Uzquiano, 2022",train,0.0716661626852131,0.09951700090209417,0.10862838032981924,-0.2563863893792755
homosapiens_telencephalon_2022_10x3v3_uzquianoana_008_d10_1016_j_cell_2022_09_010|homosapiens_telencephalon_2022_10x3v3_uzquianoana_008_d10_1016_j_cell_2022_09_010Org75,192,"Uzquiano, 2022",train,0.088865379529225,0.09951700090209417,0.10862838032981924,-0.0980556033379906
