sample,split
"homosapiens_None_2020_10x3v2_bhaduriaparna_001_d10_1038_s41586_020_1962_0|homosapiens_None_2020_10x3v2_bhaduriaparna_001_d10_1038_s41586_020_1962_0Velasco, 2019 (doi: 10.1038/s41586-019-1289-x)_guided_10_Least Directed_1323_4",train
"homosapiens_None_2020_10x3v2_bhaduriaparna_001_d10_1038_s41586_020_1962_0|homosapiens_None_2020_10x3v2_bhaduriaparna_001_d10_1038_s41586_020_1962_0Velasco, 2019 (doi: 10.1038/s41586-019-1289-x)_guided_10_Least Directed_H1",test
"homosapiens_None_2020_10x3v2_bhaduriaparna_001_d10_1038_s41586_020_1962_0|homosapiens_None_2020_10x3v2_bhaduriaparna_001_d10_1038_s41586_020_1962_0Velasco, 2019 (doi: 10.1038/s41586-019-1289-x)_guided_10_Least Directed_H28126",test
"homosapiens_None_2020_10x3v2_bhaduriaparna_001_d10_1038_s41586_020_1962_0|homosapiens_None_2020_10x3v2_bhaduriaparna_001_d10_1038_s41586_020_1962_0Velasco, 2019 (doi: 10.1038/s41586-019-1289-x)_guided_10_Least Directed_YH10",train
"homosapiens_None_2020_10x3v2_bhaduriaparna_001_d10_1038_s41586_020_1962_0|homosapiens_None_2020_10x3v2_bhaduriaparna_001_d10_1038_s41586_020_1962_0Velasco, 2019 (doi: 10.1038/s41586-019-1289-x)_guided_15_Least Directed_1323_4",train
"homosapiens_None_2020_10x3v2_bhaduriaparna_001_d10_1038_s41586_020_1962_0|homosapiens_None_2020_10x3v2_bhaduriaparna_001_d10_1038_s41586_020_1962_0Velasco, 2019 (doi: 10.1038/s41586-019-1289-x)_guided_24_Least Directed_1323_4",train
"homosapiens_None_2020_10x3v2_bhaduriaparna_001_d10_1038_s41586_020_1962_0|homosapiens_None_2020_10x3v2_bhaduriaparna_001_d10_1038_s41586_020_1962_0Velasco, 2019 (doi: 10.1038/s41586-019-1289-x)_guided_24_Least Directed_H1",train
"homosapiens_None_2020_10x3v2_bhaduriaparna_001_d10_1038_s41586_020_1962_0|homosapiens_None_2020_10x3v2_bhaduriaparna_001_d10_1038_s41586_020_1962_0Velasco, 2019 (doi: 10.1038/s41586-019-1289-x)_guided_3_Least Directed_H1",train
"homosapiens_None_2020_10x3v2_bhaduriaparna_001_d10_1038_s41586_020_1962_0|homosapiens_None_2020_10x3v2_bhaduriaparna_001_d10_1038_s41586_020_1962_0Velasco, 2019 (doi: 10.1038/s41586-019-1289-x)_guided_3_Least Directed_H28126",test
"homosapiens_None_2020_10x3v2_bhaduriaparna_001_d10_1038_s41586_020_1962_0|homosapiens_None_2020_10x3v2_bhaduriaparna_001_d10_1038_s41586_020_1962_0Velasco, 2019 (doi: 10.1038/s41586-019-1289-x)_guided_5_Least Directed_1323_4",train
"homosapiens_None_2020_10x3v2_bhaduriaparna_001_d10_1038_s41586_020_1962_0|homosapiens_None_2020_10x3v2_bhaduriaparna_001_d10_1038_s41586_020_1962_0Velasco, 2019 (doi: 10.1038/s41586-019-1289-x)_guided_5_Least Directed_H1",train
"homosapiens_None_2020_10x3v2_bhaduriaparna_001_d10_1038_s41586_020_1962_0|homosapiens_None_2020_10x3v2_bhaduriaparna_001_d10_1038_s41586_020_1962_0Velasco, 2019 (doi: 10.1038/s41586-019-1289-x)_guided_5_Least Directed_H28126",test
"homosapiens_None_2020_10x3v2_bhaduriaparna_001_d10_1038_s41586_020_1962_0|homosapiens_None_2020_10x3v2_bhaduriaparna_001_d10_1038_s41586_020_1962_0Velasco, 2019 (doi: 10.1038/s41586-019-1289-x)_guided_5_Least Directed_YH10",train
"homosapiens_None_2020_10x3v2_bhaduriaparna_001_d10_1038_s41586_020_1962_0|homosapiens_None_2020_10x3v2_bhaduriaparna_001_d10_1038_s41586_020_1962_0Velasco, 2019 (doi: 10.1038/s41586-019-1289-x)_guided_8_Least Directed_1323_4",train
"homosapiens_None_2020_10x3v2_bhaduriaparna_001_d10_1038_s41586_020_1962_0|homosapiens_None_2020_10x3v2_bhaduriaparna_001_d10_1038_s41586_020_1962_0Velasco, 2019 (doi: 10.1038/s41586-019-1289-x)_guided_8_Least Directed_H1",train
"homosapiens_None_2020_10x3v2_bhaduriaparna_001_d10_1038_s41586_020_1962_0|homosapiens_None_2020_10x3v2_bhaduriaparna_001_d10_1038_s41586_020_1962_0Velasco, 2019 (doi: 10.1038/s41586-019-1289-x)_guided_8_Least Directed_H28126",train
"homosapiens_None_2020_10x3v2_bhaduriaparna_001_d10_1038_s41586_020_1962_0|homosapiens_None_2020_10x3v2_bhaduriaparna_001_d10_1038_s41586_020_1962_0Velasco, 2019 (doi: 10.1038/s41586-019-1289-x)_guided_8_Least Directed_YH10",train
homosapiens_telencephalon_2019_10x3v2_velascosilvia_001_d10_1038_s41586_019_1289_x|homosapiens_telencephalon_2019_10x3v2_velascosilvia_001_d10_1038_s41586_019_1289_x10,train
homosapiens_telencephalon_2019_10x3v2_velascosilvia_001_d10_1038_s41586_019_1289_x|homosapiens_telencephalon_2019_10x3v2_velascosilvia_001_d10_1038_s41586_019_1289_x11,test
homosapiens_telencephalon_2019_10x3v2_velascosilvia_001_d10_1038_s41586_019_1289_x|homosapiens_telencephalon_2019_10x3v2_velascosilvia_001_d10_1038_s41586_019_1289_x12,train
homosapiens_telencephalon_2019_10x3v2_velascosilvia_002_d10_1038_s41586_019_1289_x|homosapiens_telencephalon_2019_10x3v2_velascosilvia_002_d10_1038_s41586_019_1289_x13,train
homosapiens_telencephalon_2019_10x3v2_velascosilvia_002_d10_1038_s41586_019_1289_x|homosapiens_telencephalon_2019_10x3v2_velascosilvia_002_d10_1038_s41586_019_1289_x14,test
homosapiens_telencephalon_2019_10x3v2_velascosilvia_002_d10_1038_s41586_019_1289_x|homosapiens_telencephalon_2019_10x3v2_velascosilvia_002_d10_1038_s41586_019_1289_x15,train
homosapiens_telencephalon_2019_10x3v2_velascosilvia_003_d10_1038_s41586_019_1289_x|homosapiens_telencephalon_2019_10x3v2_velascosilvia_003_d10_1038_s41586_019_1289_x7,train
homosapiens_telencephalon_2019_10x3v2_velascosilvia_003_d10_1038_s41586_019_1289_x|homosapiens_telencephalon_2019_10x3v2_velascosilvia_003_d10_1038_s41586_019_1289_x8,train
homosapiens_telencephalon_2019_10x3v2_velascosilvia_003_d10_1038_s41586_019_1289_x|homosapiens_telencephalon_2019_10x3v2_velascosilvia_003_d10_1038_s41586_019_1289_x9,test
homosapiens_telencephalon_2019_10x3v2_velascosilvia_004_d10_1038_s41586_019_1289_x|homosapiens_telencephalon_2019_10x3v2_velascosilvia_004_d10_1038_s41586_019_1289_x4,train
homosapiens_telencephalon_2019_10x3v2_velascosilvia_004_d10_1038_s41586_019_1289_x|homosapiens_telencephalon_2019_10x3v2_velascosilvia_004_d10_1038_s41586_019_1289_x5,train
homosapiens_telencephalon_2019_10x3v2_velascosilvia_004_d10_1038_s41586_019_1289_x|homosapiens_telencephalon_2019_10x3v2_velascosilvia_004_d10_1038_s41586_019_1289_x6,train
homosapiens_telencephalon_2019_10x3v2_velascosilvia_005_d10_1038_s41586_019_1289_x|homosapiens_telencephalon_2019_10x3v2_velascosilvia_005_d10_1038_s41586_019_1289_x1,train
homosapiens_telencephalon_2019_10x3v2_velascosilvia_005_d10_1038_s41586_019_1289_x|homosapiens_telencephalon_2019_10x3v2_velascosilvia_005_d10_1038_s41586_019_1289_x2,test
homosapiens_telencephalon_2019_10x3v2_velascosilvia_005_d10_1038_s41586_019_1289_x|homosapiens_telencephalon_2019_10x3v2_velascosilvia_005_d10_1038_s41586_019_1289_x3,train
homosapiens_telencephalon_2019_10x3v2_velascosilvia_006_d10_1038_s41586_019_1289_x|homosapiens_telencephalon_2019_10x3v2_velascosilvia_006_d10_1038_s41586_019_1289_x19,train
homosapiens_telencephalon_2019_10x3v2_velascosilvia_006_d10_1038_s41586_019_1289_x|homosapiens_telencephalon_2019_10x3v2_velascosilvia_006_d10_1038_s41586_019_1289_x20,train
homosapiens_telencephalon_2019_10x3v2_velascosilvia_006_d10_1038_s41586_019_1289_x|homosapiens_telencephalon_2019_10x3v2_velascosilvia_006_d10_1038_s41586_019_1289_x21,train
homosapiens_telencephalon_2019_10x3v2_velascosilvia_007_d10_1038_s41586_019_1289_x|homosapiens_telencephalon_2019_10x3v2_velascosilvia_007_d10_1038_s41586_019_1289_x16,train
homosapiens_telencephalon_2019_10x3v2_velascosilvia_007_d10_1038_s41586_019_1289_x|homosapiens_telencephalon_2019_10x3v2_velascosilvia_007_d10_1038_s41586_019_1289_x17,train
homosapiens_telencephalon_2019_10x3v2_velascosilvia_007_d10_1038_s41586_019_1289_x|homosapiens_telencephalon_2019_10x3v2_velascosilvia_007_d10_1038_s41586_019_1289_x18,train
homosapiens_telencephalon_2022_10x3v2_paulsenbruna_001_d10_1038_s41586_021_04358_6|homosapiens_telencephalon_2022_10x3v2_paulsenbruna_001_d10_1038_s41586_021_04358_6GMmap_1,train
homosapiens_telencephalon_2022_10x3v2_paulsenbruna_001_d10_1038_s41586_021_04358_6|homosapiens_telencephalon_2022_10x3v2_paulsenbruna_001_d10_1038_s41586_021_04358_6GMmap_2,train
homosapiens_telencephalon_2022_10x3v2_paulsenbruna_001_d10_1038_s41586_021_04358_6|homosapiens_telencephalon_2022_10x3v2_paulsenbruna_001_d10_1038_s41586_021_04358_6GMmap_3,train
homosapiens_telencephalon_2022_10x3v2_paulsenbruna_001_d10_1038_s41586_021_04358_6|homosapiens_telencephalon_2022_10x3v2_paulsenbruna_001_d10_1038_s41586_021_04358_6GMmap_4,train
homosapiens_telencephalon_2022_10x3v2_paulsenbruna_001_d10_1038_s41586_021_04358_6|homosapiens_telencephalon_2022_10x3v2_paulsenbruna_001_d10_1038_s41586_021_04358_6GMmap_5,train
homosapiens_telencephalon_2022_10x3v2_paulsenbruna_001_d10_1038_s41586_021_04358_6|homosapiens_telencephalon_2022_10x3v2_paulsenbruna_001_d10_1038_s41586_021_04358_6GMmap_6,train
homosapiens_telencephalon_2022_10x3v3_paulsenbruna_002_d10_1038_s41586_021_04358_6|homosapiens_telencephalon_2022_10x3v3_paulsenbruna_002_d10_1038_s41586_021_04358_6Mito210map_7,train
homosapiens_telencephalon_2022_10x3v3_paulsenbruna_002_d10_1038_s41586_021_04358_6|homosapiens_telencephalon_2022_10x3v3_paulsenbruna_002_d10_1038_s41586_021_04358_6Mito210map_8,test
homosapiens_telencephalon_2022_10x3v3_paulsenbruna_002_d10_1038_s41586_021_04358_6|homosapiens_telencephalon_2022_10x3v3_paulsenbruna_002_d10_1038_s41586_021_04358_6Mito210map_9,train
homosapiens_telencephalon_2022_10x3v3_paulsenbruna_003_d10_1038_s41586_021_04358_6|homosapiens_telencephalon_2022_10x3v3_paulsenbruna_003_d10_1038_s41586_021_04358_6CHD8_12,train
homosapiens_telencephalon_2022_10x3v3_paulsenbruna_003_d10_1038_s41586_021_04358_6|homosapiens_telencephalon_2022_10x3v3_paulsenbruna_003_d10_1038_s41586_021_04358_6CHD8_13,train
homosapiens_telencephalon_2022_10x3v3_paulsenbruna_003_d10_1038_s41586_021_04358_6|homosapiens_telencephalon_2022_10x3v3_paulsenbruna_003_d10_1038_s41586_021_04358_6CHD8_14,train
homosapiens_telencephalon_2022_10x3v3_paulsenbruna_004_d10_1038_s41586_021_04358_6|homosapiens_telencephalon_2022_10x3v3_paulsenbruna_004_d10_1038_s41586_021_04358_6CHD8_18,train
homosapiens_telencephalon_2022_10x3v3_paulsenbruna_004_d10_1038_s41586_021_04358_6|homosapiens_telencephalon_2022_10x3v3_paulsenbruna_004_d10_1038_s41586_021_04358_6CHD8_19,test
homosapiens_telencephalon_2022_10x3v3_paulsenbruna_004_d10_1038_s41586_021_04358_6|homosapiens_telencephalon_2022_10x3v3_paulsenbruna_004_d10_1038_s41586_021_04358_6CHD8_20,test
homosapiens_telencephalon_2022_10x3v3_paulsenbruna_005_d10_1038_s41586_021_04358_6|homosapiens_telencephalon_2022_10x3v3_paulsenbruna_005_d10_1038_s41586_021_04358_6CHD8_24,test
homosapiens_telencephalon_2022_10x3v3_paulsenbruna_005_d10_1038_s41586_021_04358_6|homosapiens_telencephalon_2022_10x3v3_paulsenbruna_005_d10_1038_s41586_021_04358_6CHD8_25,train
homosapiens_telencephalon_2022_10x3v3_paulsenbruna_005_d10_1038_s41586_021_04358_6|homosapiens_telencephalon_2022_10x3v3_paulsenbruna_005_d10_1038_s41586_021_04358_6CHD8_26,train
homosapiens_telencephalon_2022_10x3v3_paulsenbruna_007_d10_1038_s41586_021_04358_6|homosapiens_telencephalon_2022_10x3v3_paulsenbruna_007_d10_1038_s41586_021_04358_6CHD8_7,train
homosapiens_telencephalon_2022_10x3v3_paulsenbruna_007_d10_1038_s41586_021_04358_6|homosapiens_telencephalon_2022_10x3v3_paulsenbruna_007_d10_1038_s41586_021_04358_6CHD8_8,train
homosapiens_telencephalon_2022_10x3v3_paulsenbruna_007_d10_1038_s41586_021_04358_6|homosapiens_telencephalon_2022_10x3v3_paulsenbruna_007_d10_1038_s41586_021_04358_6CHD8_9,test
homosapiens_telencephalon_2022_10x3v3_paulsenbruna_008_d10_1038_s41586_021_04358_6|homosapiens_telencephalon_2022_10x3v3_paulsenbruna_008_d10_1038_s41586_021_04358_6CHD8_30,train
homosapiens_telencephalon_2022_10x3v3_paulsenbruna_008_d10_1038_s41586_021_04358_6|homosapiens_telencephalon_2022_10x3v3_paulsenbruna_008_d10_1038_s41586_021_04358_6CHD8_31,train
homosapiens_telencephalon_2022_10x3v3_paulsenbruna_008_d10_1038_s41586_021_04358_6|homosapiens_telencephalon_2022_10x3v3_paulsenbruna_008_d10_1038_s41586_021_04358_6CHD8_32,train
homosapiens_telencephalon_2022_10x3v3_paulsenbruna_009_d10_1038_s41586_021_04358_6|homosapiens_telencephalon_2022_10x3v3_paulsenbruna_009_d10_1038_s41586_021_04358_6SUV_7,train
homosapiens_telencephalon_2022_10x3v3_paulsenbruna_009_d10_1038_s41586_021_04358_6|homosapiens_telencephalon_2022_10x3v3_paulsenbruna_009_d10_1038_s41586_021_04358_6SUV_8,test
homosapiens_telencephalon_2022_10x3v3_paulsenbruna_009_d10_1038_s41586_021_04358_6|homosapiens_telencephalon_2022_10x3v3_paulsenbruna_009_d10_1038_s41586_021_04358_6SUV_9,train
homosapiens_telencephalon_2022_10x3v3_paulsenbruna_010_d10_1038_s41586_021_04358_6|homosapiens_telencephalon_2022_10x3v3_paulsenbruna_010_d10_1038_s41586_021_04358_6SUV_1,train
homosapiens_telencephalon_2022_10x3v3_paulsenbruna_010_d10_1038_s41586_021_04358_6|homosapiens_telencephalon_2022_10x3v3_paulsenbruna_010_d10_1038_s41586_021_04358_6SUV_2,train
homosapiens_telencephalon_2022_10x3v3_paulsenbruna_010_d10_1038_s41586_021_04358_6|homosapiens_telencephalon_2022_10x3v3_paulsenbruna_010_d10_1038_s41586_021_04358_6SUV_3,train
homosapiens_telencephalon_2022_10x3v3_paulsenbruna_011_d10_1038_s41586_021_04358_6|homosapiens_telencephalon_2022_10x3v3_paulsenbruna_011_d10_1038_s41586_021_04358_6SUV_18,test
homosapiens_telencephalon_2022_10x3v3_paulsenbruna_011_d10_1038_s41586_021_04358_6|homosapiens_telencephalon_2022_10x3v3_paulsenbruna_011_d10_1038_s41586_021_04358_6SUV_19,train
homosapiens_telencephalon_2022_10x3v3_paulsenbruna_011_d10_1038_s41586_021_04358_6|homosapiens_telencephalon_2022_10x3v3_paulsenbruna_011_d10_1038_s41586_021_04358_6SUV_20,test
homosapiens_telencephalon_2022_10x3v3_paulsenbruna_012_d10_1038_s41586_021_04358_6|homosapiens_telencephalon_2022_10x3v3_paulsenbruna_012_d10_1038_s41586_021_04358_6SUV_24,test
homosapiens_telencephalon_2022_10x3v3_paulsenbruna_012_d10_1038_s41586_021_04358_6|homosapiens_telencephalon_2022_10x3v3_paulsenbruna_012_d10_1038_s41586_021_04358_6SUV_25,train
homosapiens_telencephalon_2022_10x3v3_paulsenbruna_012_d10_1038_s41586_021_04358_6|homosapiens_telencephalon_2022_10x3v3_paulsenbruna_012_d10_1038_s41586_021_04358_6SUV_26,train
homosapiens_telencephalon_2022_10x3v3_paulsenbruna_013_d10_1038_s41586_021_04358_6|homosapiens_telencephalon_2022_10x3v3_paulsenbruna_013_d10_1038_s41586_021_04358_6SUV_30,test
homosapiens_telencephalon_2022_10x3v3_paulsenbruna_013_d10_1038_s41586_021_04358_6|homosapiens_telencephalon_2022_10x3v3_paulsenbruna_013_d10_1038_s41586_021_04358_6SUV_31,train
homosapiens_telencephalon_2022_10x3v3_paulsenbruna_013_d10_1038_s41586_021_04358_6|homosapiens_telencephalon_2022_10x3v3_paulsenbruna_013_d10_1038_s41586_021_04358_6SUV_32,train
homosapiens_telencephalon_2022_10x3v3_paulsenbruna_014_d10_1038_s41586_021_04358_6|homosapiens_telencephalon_2022_10x3v3_paulsenbruna_014_d10_1038_s41586_021_04358_6SUV_12,train
homosapiens_telencephalon_2022_10x3v3_paulsenbruna_014_d10_1038_s41586_021_04358_6|homosapiens_telencephalon_2022_10x3v3_paulsenbruna_014_d10_1038_s41586_021_04358_6SUV_13,train
homosapiens_telencephalon_2022_10x3v3_paulsenbruna_014_d10_1038_s41586_021_04358_6|homosapiens_telencephalon_2022_10x3v3_paulsenbruna_014_d10_1038_s41586_021_04358_6SUV_14,train
homosapiens_telencephalon_2022_10x3v3_paulsenbruna_015_d10_1038_s41586_021_04358_6|homosapiens_telencephalon_2022_10x3v3_paulsenbruna_015_d10_1038_s41586_021_04358_6ARID1B_1,train
homosapiens_telencephalon_2022_10x3v3_paulsenbruna_015_d10_1038_s41586_021_04358_6|homosapiens_telencephalon_2022_10x3v3_paulsenbruna_015_d10_1038_s41586_021_04358_6ARID1B_2,test
homosapiens_telencephalon_2022_10x3v3_paulsenbruna_015_d10_1038_s41586_021_04358_6|homosapiens_telencephalon_2022_10x3v3_paulsenbruna_015_d10_1038_s41586_021_04358_6ARID1B_3,train
homosapiens_telencephalon_2022_10x3v3_paulsenbruna_016_d10_1038_s41586_021_04358_6|homosapiens_telencephalon_2022_10x3v3_paulsenbruna_016_d10_1038_s41586_021_04358_6ARID1B_7,train
homosapiens_telencephalon_2022_10x3v3_paulsenbruna_016_d10_1038_s41586_021_04358_6|homosapiens_telencephalon_2022_10x3v3_paulsenbruna_016_d10_1038_s41586_021_04358_6ARID1B_8,train
homosapiens_telencephalon_2022_10x3v3_paulsenbruna_016_d10_1038_s41586_021_04358_6|homosapiens_telencephalon_2022_10x3v3_paulsenbruna_016_d10_1038_s41586_021_04358_6ARID1B_9,test
homosapiens_telencephalon_2022_10x3v3_paulsenbruna_017_d10_1038_s41586_021_04358_6|homosapiens_telencephalon_2022_10x3v3_paulsenbruna_017_d10_1038_s41586_021_04358_6ARID1B_19,train
homosapiens_telencephalon_2022_10x3v3_paulsenbruna_017_d10_1038_s41586_021_04358_6|homosapiens_telencephalon_2022_10x3v3_paulsenbruna_017_d10_1038_s41586_021_04358_6ARID1B_20,train
homosapiens_telencephalon_2022_10x3v3_paulsenbruna_017_d10_1038_s41586_021_04358_6|homosapiens_telencephalon_2022_10x3v3_paulsenbruna_017_d10_1038_s41586_021_04358_6ARID1B_21,train
homosapiens_telencephalon_2022_10x3v3_paulsenbruna_018_d10_1038_s41586_021_04358_6|homosapiens_telencephalon_2022_10x3v3_paulsenbruna_018_d10_1038_s41586_021_04358_6ARID1B_13,train
homosapiens_telencephalon_2022_10x3v3_paulsenbruna_018_d10_1038_s41586_021_04358_6|homosapiens_telencephalon_2022_10x3v3_paulsenbruna_018_d10_1038_s41586_021_04358_6ARID1B_14,train
homosapiens_telencephalon_2022_10x3v3_paulsenbruna_018_d10_1038_s41586_021_04358_6|homosapiens_telencephalon_2022_10x3v3_paulsenbruna_018_d10_1038_s41586_021_04358_6ARID1B_15,train
homosapiens_telencephalon_2022_10x3v3_uzquianoana_001_d10_1016_j_cell_2022_09_010|homosapiens_telencephalon_2022_10x3v3_uzquianoana_001_d10_1016_j_cell_2022_09_010Org1,train
homosapiens_telencephalon_2022_10x3v3_uzquianoana_001_d10_1016_j_cell_2022_09_010|homosapiens_telencephalon_2022_10x3v3_uzquianoana_001_d10_1016_j_cell_2022_09_010Org2,train
homosapiens_telencephalon_2022_10x3v3_uzquianoana_001_d10_1016_j_cell_2022_09_010|homosapiens_telencephalon_2022_10x3v3_uzquianoana_001_d10_1016_j_cell_2022_09_010Org3,train
homosapiens_telencephalon_2022_10x3v3_uzquianoana_001_d10_1016_j_cell_2022_09_010|homosapiens_telencephalon_2022_10x3v3_uzquianoana_001_d10_1016_j_cell_2022_09_010Org4,test
homosapiens_telencephalon_2022_10x3v3_uzquianoana_001_d10_1016_j_cell_2022_09_010|homosapiens_telencephalon_2022_10x3v3_uzquianoana_001_d10_1016_j_cell_2022_09_010Org5,train
homosapiens_telencephalon_2022_10x3v3_uzquianoana_001_d10_1016_j_cell_2022_09_010|homosapiens_telencephalon_2022_10x3v3_uzquianoana_001_d10_1016_j_cell_2022_09_010Org6,train
homosapiens_telencephalon_2022_10x3v3_uzquianoana_002_d10_1016_j_cell_2022_09_010|homosapiens_telencephalon_2022_10x3v3_uzquianoana_002_d10_1016_j_cell_2022_09_010Org16,train
homosapiens_telencephalon_2022_10x3v3_uzquianoana_002_d10_1016_j_cell_2022_09_010|homosapiens_telencephalon_2022_10x3v3_uzquianoana_002_d10_1016_j_cell_2022_09_010Org17,train
homosapiens_telencephalon_2022_10x3v3_uzquianoana_002_d10_1016_j_cell_2022_09_010|homosapiens_telencephalon_2022_10x3v3_uzquianoana_002_d10_1016_j_cell_2022_09_010Org18,train
homosapiens_telencephalon_2022_10x3v3_uzquianoana_003_d10_1016_j_cell_2022_09_010|homosapiens_telencephalon_2022_10x3v3_uzquianoana_003_d10_1016_j_cell_2022_09_010Org19,train
homosapiens_telencephalon_2022_10x3v3_uzquianoana_003_d10_1016_j_cell_2022_09_010|homosapiens_telencephalon_2022_10x3v3_uzquianoana_003_d10_1016_j_cell_2022_09_010Org20,train
homosapiens_telencephalon_2022_10x3v3_uzquianoana_003_d10_1016_j_cell_2022_09_010|homosapiens_telencephalon_2022_10x3v3_uzquianoana_003_d10_1016_j_cell_2022_09_010Org21,test
homosapiens_telencephalon_2022_10x3v3_uzquianoana_003_d10_1016_j_cell_2022_09_010|homosapiens_telencephalon_2022_10x3v3_uzquianoana_003_d10_1016_j_cell_2022_09_010Org22,train
homosapiens_telencephalon_2022_10x3v3_uzquianoana_003_d10_1016_j_cell_2022_09_010|homosapiens_telencephalon_2022_10x3v3_uzquianoana_003_d10_1016_j_cell_2022_09_010Org23,train
homosapiens_telencephalon_2022_10x3v3_uzquianoana_003_d10_1016_j_cell_2022_09_010|homosapiens_telencephalon_2022_10x3v3_uzquianoana_003_d10_1016_j_cell_2022_09_010Org24,train
homosapiens_telencephalon_2022_10x3v3_uzquianoana_004_d10_1016_j_cell_2022_09_010|homosapiens_telencephalon_2022_10x3v3_uzquianoana_004_d10_1016_j_cell_2022_09_010Org25,train
homosapiens_telencephalon_2022_10x3v3_uzquianoana_004_d10_1016_j_cell_2022_09_010|homosapiens_telencephalon_2022_10x3v3_uzquianoana_004_d10_1016_j_cell_2022_09_010Org26,train
homosapiens_telencephalon_2022_10x3v3_uzquianoana_004_d10_1016_j_cell_2022_09_010|homosapiens_telencephalon_2022_10x3v3_uzquianoana_004_d10_1016_j_cell_2022_09_010Org27,train
homosapiens_telencephalon_2022_10x3v3_uzquianoana_004_d10_1016_j_cell_2022_09_010|homosapiens_telencephalon_2022_10x3v3_uzquianoana_004_d10_1016_j_cell_2022_09_010Org28,train
homosapiens_telencephalon_2022_10x3v3_uzquianoana_004_d10_1016_j_cell_2022_09_010|homosapiens_telencephalon_2022_10x3v3_uzquianoana_004_d10_1016_j_cell_2022_09_010Org29,test
homosapiens_telencephalon_2022_10x3v3_uzquianoana_004_d10_1016_j_cell_2022_09_010|homosapiens_telencephalon_2022_10x3v3_uzquianoana_004_d10_1016_j_cell_2022_09_010Org30,train
homosapiens_telencephalon_2022_10x3v3_uzquianoana_005_d10_1016_j_cell_2022_09_010|homosapiens_telencephalon_2022_10x3v3_uzquianoana_005_d10_1016_j_cell_2022_09_010Org37,train
homosapiens_telencephalon_2022_10x3v3_uzquianoana_005_d10_1016_j_cell_2022_09_010|homosapiens_telencephalon_2022_10x3v3_uzquianoana_005_d10_1016_j_cell_2022_09_010Org38,train
homosapiens_telencephalon_2022_10x3v3_uzquianoana_005_d10_1016_j_cell_2022_09_010|homosapiens_telencephalon_2022_10x3v3_uzquianoana_005_d10_1016_j_cell_2022_09_010Org39,train
homosapiens_telencephalon_2022_10x3v3_uzquianoana_006_d10_1016_j_cell_2022_09_010|homosapiens_telencephalon_2022_10x3v3_uzquianoana_006_d10_1016_j_cell_2022_09_010Org52,train
homosapiens_telencephalon_2022_10x3v3_uzquianoana_006_d10_1016_j_cell_2022_09_010|homosapiens_telencephalon_2022_10x3v3_uzquianoana_006_d10_1016_j_cell_2022_09_010Org53,train
homosapiens_telencephalon_2022_10x3v3_uzquianoana_006_d10_1016_j_cell_2022_09_010|homosapiens_telencephalon_2022_10x3v3_uzquianoana_006_d10_1016_j_cell_2022_09_010Org54,train
homosapiens_telencephalon_2022_10x3v3_uzquianoana_006_d10_1016_j_cell_2022_09_010|homosapiens_telencephalon_2022_10x3v3_uzquianoana_006_d10_1016_j_cell_2022_09_010Org55,train
homosapiens_telencephalon_2022_10x3v3_uzquianoana_006_d10_1016_j_cell_2022_09_010|homosapiens_telencephalon_2022_10x3v3_uzquianoana_006_d10_1016_j_cell_2022_09_010Org56,train
homosapiens_telencephalon_2022_10x3v3_uzquianoana_006_d10_1016_j_cell_2022_09_010|homosapiens_telencephalon_2022_10x3v3_uzquianoana_006_d10_1016_j_cell_2022_09_010Org57,train
homosapiens_telencephalon_2022_10x3v3_uzquianoana_007_d10_1016_j_cell_2022_09_010|homosapiens_telencephalon_2022_10x3v3_uzquianoana_007_d10_1016_j_cell_2022_09_010Org58,train
homosapiens_telencephalon_2022_10x3v3_uzquianoana_007_d10_1016_j_cell_2022_09_010|homosapiens_telencephalon_2022_10x3v3_uzquianoana_007_d10_1016_j_cell_2022_09_010Org59,train
homosapiens_telencephalon_2022_10x3v3_uzquianoana_007_d10_1016_j_cell_2022_09_010|homosapiens_telencephalon_2022_10x3v3_uzquianoana_007_d10_1016_j_cell_2022_09_010Org60,train
homosapiens_telencephalon_2022_10x3v3_uzquianoana_007_d10_1016_j_cell_2022_09_010|homosapiens_telencephalon_2022_10x3v3_uzquianoana_007_d10_1016_j_cell_2022_09_010Org61,test
homosapiens_telencephalon_2022_10x3v3_uzquianoana_007_d10_1016_j_cell_2022_09_010|homosapiens_telencephalon_2022_10x3v3_uzquianoana_007_d10_1016_j_cell_2022_09_010Org62,train
homosapiens_telencephalon_2022_10x3v3_uzquianoana_007_d10_1016_j_cell_2022_09_010|homosapiens_telencephalon_2022_10x3v3_uzquianoana_007_d10_1016_j_cell_2022_09_010Org63,test
homosapiens_telencephalon_2022_10x3v3_uzquianoana_008_d10_1016_j_cell_2022_09_010|homosapiens_telencephalon_2022_10x3v3_uzquianoana_008_d10_1016_j_cell_2022_09_010Org73,test
homosapiens_telencephalon_2022_10x3v3_uzquianoana_008_d10_1016_j_cell_2022_09_010|homosapiens_telencephalon_2022_10x3v3_uzquianoana_008_d10_1016_j_cell_2022_09_010Org74,train
homosapiens_telencephalon_2022_10x3v3_uzquianoana_008_d10_1016_j_cell_2022_09_010|homosapiens_telencephalon_2022_10x3v3_uzquianoana_008_d10_1016_j_cell_2022_09_010Org75,train
