age,p5,p25,p50,p75,p95
20,0.0939519417608177,0.3165863040348414,0.5673159475069003,0.7877342337602484,0.9431133681773363
21,0.09964140092721986,0.3266606501949784,0.5754046015084909,0.791039232218778,0.9431649968881538
22,0.10508913365651994,0.33578867348085556,0.5823848472184925,0.7936814191713689,0.9430560117283029
23,0.11025546234812894,0.34396008617016205,0.5882965217081021,0.7956867907207107,0.9427832539970881
24,0.11510632135623575,0.3511734836763403,0.5931788602829263,0.7970778109258785,0.9423429070250059
25,0.1196132745324311,0.35743486166399324,0.5970698479471277,0.7978735782090971,0.9417304375020932
26,0.12375338752418336,0.36275628579290653,0.6000057861238856,0.7980900119307558,0.9409405408319728
27,0.12750899005473837,0.3671547320394329,0.60202103771987,0.7977400544864748,0.9399670909757655
28,0.13086736047210137,0.3706511016938781,0.6031479179687356,0.7968338860179482,0.9388030953123099
29,0.1338203606346585,0.37326940528071056,0.6034167030201106,0.7953791502180971,0.9374406551536081
30,0.13636404439334285,0.3750361031203231,0.602855732558061,0.7933811907932206,0.9358709327113508
31,0.13849825805859092,0.37597958633493517,0.6014915866027035,0.7908432989542927,0.9340841255044476
32,0.1402262466634849,0.3761297801363526,0.5993493199531797,0.7877669728714781,0.9320694494200032
33,0.14155427576978585,0.3755178506554689,0.5964527404316136,0.784152190357434,0.9298151318810832
34,0.1424912751170833,0.37417599693009085,0.5928247191999073,0.7799976961562299,0.9273084168223974
35,0.14304850761249346,0.37213731061546174,0.5884875229910457,0.7753013051107581,0.9245355834164668
36,0.14323926497131384,0.36943568727367704,0.5834631591908022,0.7700602221642561,0.921481980712871
37,0.14307858968838522,0.366105774566564,0.5777737254032304,0.7642713796222602,0.9181320805346597
38,0.1425830218711763,0.3621829442162497,0.5714417555201358,0.7579317913634325,0.914469551099757
39,0.1417703687205059,0.35770327614927383,0.5644905544810904,0.7510389227499068,0.9104773538802017
40,0.14065949402838418,0.3527035447763737,0.5569445139488594,0.7435910738672088,0.9061378661560165
41,0.1392701249069044,0.34722119887391123,0.5488294011279402,0.7355877724490456,0.9014330315406699
42,0.137622673008453,0.34129432802806,0.5401726130116422,0.7270301714561441,0.8963445404296608
43,0.13573806769567118,0.3349616100866343,0.5310033885409425,0.7179214448397956,0.8908540418336458
44,0.13363759892765392,0.32826223554105277,0.5213529715721105,0.7082671736054373,0.8849433873884509
45,0.13134276801178477,0.3212358062318148,0.5112547182419203,0.6980757129908344,0.8785949074794641
46,0.12887514479894924,0.3139222072262182,0.5007441433322817,0.6873585304909682,0.8717917183804859
47,0.12625623034849778,0.3063614521388283,0.4898589015896737,0.6761305037083795,0.8645180581029895
48,0.12350732453644282,0.298593503526533,0.47863870164034983,0.6644101666932322,0.8567596473116834
49,0.12064939850670854,0.2906580712565735,0.46712515212095995,0.6522198936606407,0.8485040702332874
50,0.11770297225372439,0.2825943928784659,0.4553615418464856,0.6395860098105451,0.8397411690311383
51,0.11468799796022934,0.2744410009883373,0.4433925581655522,0.626538820470643,0.8304634437175231
52,0.11162374998398604,0.26623548331798785,0.43126394998709233,0.6131125519346948,0.8206664484195841
53,0.10852872258091409,0.25801424177801185,0.419022144167692,0.599345200124745,0.8103491738015631
54,0.1054205365625945,0.2498122569110043,0.40671382588806526,0.5852782864598713,0.7995144047747543
55,0.10231585610930082,0.24166286415610114,0.39438549519094923,0.5709565239078097,0.7881690423877865
56,0.09923031689553788,0.23359754799292537,0.38208301289295865,0.5564273999279338,0.7763243790579837
57,0.096178466537354,0.2256457594394997,0.36985114954267156,0.5417406866551042,0.7639963171284754
58,0.09317371814714014,0.217834761557183,0.35773315093887387,0.5269478919852884,0.7512055221315227
59,0.09022831749345325,0.21018950661089417,0.34577033295245224,0.5121016679801283,0.7379775040844447
60,0.08735314596164086,0.20273220399449626,0.33400126110321926,0.49725470130204436,0.7243422497437747
61,0.08455433694383437,0.19547576734861652,0.32245274017646247,0.4824495185797817,0.7103266849063244
62,0.08183390468195002,0.1884250676504451,0.31114100002964923,0.46771883304753076,0.695954267754318
63,0.07919322831429854,0.18158364953558934,0.3000803634789107,0.4530944176332225,0.6812514668473286
64,0.07663323205990291,0.1749540472008689,0.2892835512622781,0.4386071849525693,0.6662478991311788
65,0.0741544294015634,0.168537844724108,0.2787616639115018,0.42428691702751253,0.6509761362522912
66,0.07175696554866415,0.16233573993336262,0.2685241830111605,0.4101620166774512,0.6354714504405562
67,0.06944065794978817,0.15634761073101575,0.25857899056210687,0.39625928493948026,0.6197715031849683
68,0.06720503468451655,0.15057258285009073,0.2489324048874411,0.3826037280392624,0.6039159819819357
69,0.06504937061707847,0.14500909810557047,0.23958923130676776,0.36921839651697774,0.5879461923784216
70,0.06297272124166656,0.13965498229842493,0.23055282565875365,0.35612425815553617,0.5719046142517648
71,0.06097395419029597,0.13450751203069325,0.22182516867056346,0.343340105402773,0.5558344326646878
72,0.05905177840925763,0.12956347979297544,0.21340694915100222,0.3308824970645588,0.5397790546240782
73,0.05720477103979799,0.12481925678816089,0.20529765401581201,0.31876573320538637,0.5237816235960656
74,0.055431402063036816,0.12027085305471114,0.19749566323104836,0.3070018614542357,0.5078845436572624
75,0.05373005678873881,0.11591397454738346,0.18999834787561445,0.2956007122960136,0.4921290246939857
76,0.05209905628285863,0.11174407692142951,0.18280216966844332,0.28456996044449395,0.47655465913044903
77,0.05053667584025196,0.10775641584698459,0.17590278047127167,0.27391520904575833,0.4611990393341542
78,0.04904116161706944,0.10394609375290517,0.16929512045671521,0.26364009324914667,0.4460974231957459
79,0.04761074554258115,0.1003081029633928,0.1629735138164378,0.25374639959737155,0.4312824535106403
80,0.04624365863295401,0.09683736524632099,0.15693176106953866,0.24423419771592217,0.4167839348074302
81,0.044938142830229594,0.09352876783945245,0.15116322721174688,0.2351019809081847,0.40262866927913216
82,0.04369246148879454,0.09037719606007891,0.14566092511754264,0.22634681246900495,0.3888403515751934
83,0.042504908629338534,0.0873775626355442,0.14041759376682506,0.21796447479721331,0.37543952048781315
84,0.04137381707694887,0.08452483391723954,0.1354257710130424,0.20994961869882606,0.36244356407992767
85,0.04029756559586061,0.08181405315965129,0.13067786073946489,0.20229591061031016,0.349866773597717
86,0.03927458512869002,0.07924036105959267,0.12616619436388654,0.19499617582036924,0.3377204406101786
87,0.038303364242918456,0.07679901375956223,0.12188308674948489,0.18804253611622343,0.32601299122494465
88,0.037382453882122656,0.07448539852391899,0.11782088666131509,0.18142654061578242,0.31475015092896613
89,0.03651047151409729,0.07229504729790062,0.11397202197481549,0.17513928886226376,0.3039351335673444
90,0.03568610476268679,0.07022364835803732,0.11032903989587149,0.16917154554680736,0.2935688481664513
91,0.034908114604918536,0.0682670562587856,0.10688464249271741,0.16351384648366313,0.28365011768592246
92,0.034175338209959175,0.06642130027472651,0.10363171786965439,0.15815659568961224,0.2741759043035553
93,0.0334866914915432,0.06468259153087945,0.1005633673326527,0.15309015361393563,0.26514153645401084
94,0.03284117144085499,0.0630473290059686,0.09767292890881674,0.1483049167282582,0.2565409335162714
95,0.032237858302393375,0.061512104585177765,0.09495399758678871,0.14379138881866668,0.24836682474077357
96,0.03167591765108366,0.06007370733031794,0.0924004426447327,0.13954024442800814,0.24061095969563706
97,0.031154602424799456,0.05872912712665141,0.09000642242777765,0.13554238497706658,0.2332643081693487
98,0.030673254962464865,0.05747555785704851,0.08776639692877171,0.13178898815244725,0.22631724807768108
99,0.030231309093957607,0.05631040024584935,0.08567513851588768,0.128271551189659,0.2197597404742861
100,0.02982829232404688,0.05523126450687277,0.08372774113886984,0.12498192870520337,0.2135814912510763
101,0.029463828148468398,0.054235972922529935,0.08191962833327023,0.12191236574447363,0.2077720995341804
102,0.029137638535841174,0.05332256247400683,0.0802465603295377,0.11905552671577121,0.20232119313529548
103,0.02884954660431628,0.05248928763598995,0.07870464056183997,0.11640452087737407,0.19721855171057945
104,0.028599479516440367,0.051734623443407075,0.07729032186049882,0.11395292503671144,0.1924542185155632
105,0.028387471609509062,0.05105726893210146,0.07600041260229097,0.11169480411045175,0.1880186018318265
106,0.02821366777143524,0.050456151050183855,0.07483208308496095,0.10962473018359098,0.18390256728691692
107,0.02807827823029374,0.04993034437253866,0.07378275040724767,0.10773762928955859,0.18009725950244726
108,0.027980512347379083,0.04947723103958634,0.07284744092963377,0.10602509337713044,0.1765885058065745
109,0.027918595147763955,0.04909257703528491,0.07201894160715987,0.10447564368904451,0.17335730697148458
110,0.027890835658432117,0.04877239893841411,0.07129049754527446,0.10307853903861476,0.17038573586334138
111,0.027895659995929738,0.04851301176025145,0.07065587280592947,0.10182385732400812,0.1676570948437159
112,0.027931596682790206,0.04831099453642746,0.07010929320341626,0.10070241047274095,0.16515580998850413
113,0.02799726311058761,0.048163158909915564,0.06964539410490472,0.0997056662845742,0.16286732997917464
114,0.028091353042642854,0.04806652039302976,0.06925917273082098,0.09882567659415734,0.16077802996375454
115,0.02821262506137981,0.04801827203139429,0.06894594450156653,0.09805501121051738,0.15887512052305977
116,0.028359891875849752,0.048015760224664784,0.0687013030255398,0.09738669713140417,0.15714656176285205
117,0.02853201041407499,0.04805646248754794,0.06852108336879942,0.09681416257438485,0.1555809824750679
118,0.02872787263268271,0.04813796696061612,0.06840132828898972,0.09633118541183536,0.1541676042630416
119,0.028946396982875218,0.048257953503780884,0.06833825715538548,0.09593184564244686,0.1528961705002618
120,0.029186520477192966,0.04841417622629134,0.06832823731322968,0.09561048157672909,0.15175687998441414
121,0.029447191305852726,0.048604447325981834,0.06836775768407938,0.0953616494576695,0.1507403251540304
122,0.029727361954772373,0.04882662212740501,0.06845340442480295,0.09518008627978072,0.14983743475053637
123,0.03002598277982276,0.04907858522364292,0.0685818384963516,0.09506067560995338,0.14903942083106148
124,0.030341995993478917,0.04935823764017036,0.06874977501961142,0.09499841625161107,0.14833773006474182
125,0.030674330020985414,0.04966348495130865,0.06895396431967116,0.09498839362947643,0.14772399927549912
126,0.03102189418351994,0.049992226290712455,0.06919117458183728,0.09502575380566805,0.14719001522582467
127,0.031383573665749585,0.050342344207107426,0.06945817606279546,0.09510568006874297,0.14672767866758799
128,0.0317582247247473,0.050711695325268064,0.06975172681853656,0.09522337206555727,0.14632897271617215
129,0.03214467009658294,0.05109810178010193,0.07006855992710126,0.09537402747133009,0.14598593563232418
130,0.032541694556136896,0.05149934339878012,0.07040537219889118,0.09555282621594982,0.14569063812114524
131,0.03294804058490657,0.05191315061220579,0.07075881438027015,0.09575491730422657,0.1454351652788819
132,0.03336240410088102,0.05233719808281012,0.07112548286745221,0.09597540828436839,0.14521160333498892
133,0.033783430204031115,0.05276909904075602,0.07150191295723461,0.09620935743230394,0.145012031348756
134,0.03420970889068026,0.05320640032516382,0.07188457366897177,0.09645176872948442,0.14482851802615482
135,0.034639770690054604,0.05364657813097894,0.07226986417828249,0.09669758971835878,0.14465312382307904
136,0.03507208217674016,0.05408703446560881,0.07265411190730146,0.09694171232270657,0.14447790849545125
137,0.03550504131368017,0.054525094322501855,0.07303357231880651,0.0971789767193408,0.14429494424446807
138,0.035936972581846145,0.0549580035814542,0.07340443046223313,0.09740417834323052,0.14409633458623644
139,0.03636612185496079,0.055382927647675814,0.07376280431840716,0.09761207809973499,0.14387423904891625
140,0.03679065098086674,0.055796950843601235,0.07410474998674947,0.09779741584524365,0.1436209037668661
141,0.037208632035637824,0.05619707656922152,0.07442626875371464,0.09795492718091438,0.14332869799972828
142,0.03761804122277437,0.056580228248524086,0.07472331607430081,0.09807936358318789,0.14299015655429667
143,0.038016752398449656,0.056943251081717945,0.07499181248959677,0.09816551586903871,0.14259802802757132
144,0.038402530215656025,0.057282914625661464,0.07522765649251449,0.09820824096313767,0.1421453287195649
145,0.03877302289643312,0.05759591622880177,0.07542673934108976,0.09820249189774077,0.14162540198277201
146,0.03912575466373801,0.057878885352649616,0.07558496180403412,0.09814335093352783,0.14103198267993033
147,0.039458117895031064,0.05812838882024473,0.0756982528066046,0.09802606563993527,0.1403592663104938
148,0.03976736510101145,0.05834093704435726,0.07576258992635071,0.09784608771565838,0.1396019822362284
149,0.04005060088857574,0.058512991305780464,0.07577402166794123,0.09759911426256138,0.13875547028405336
150,0.04030477414126573,0.05864097217680237,0.0757286914241053,0.09728113114754078,0.13781575982554492
151,0.04052667074838578,0.058721269218982665,0.07562286300582165,0.09688845799493298,0.13677965022266153
152,0.04071290734164969,0.05875025213024308,0.07545294759931905,0.09641779424454762,0.13564479128300505
153,0.04085992666238022,0.05872428357682129,0.07521553198033418,0.09586626558490385,0.1344097620799682
154,0.04096409509191856,0.058639884036509854,0.074907604761135,0.09523172560377574,0.13307450922642178
155,0.04102424378074135,0.05849750843128054,0.07453147217176326,0.09451908258772494,0.1316492312175297
156,0.04104209390745248,0.05830189999549383,0.07409498758833082,0.09374032031171213,0.13015391505576354
157,0.04101977504961186,0.05805817290762808,0.07360626422456261,0.09290747149837415,0.1286080759984702
158,0.040959735212141246,0.05777160554596846,0.07307335502149895,0.09203215308285241,0.127030021540482
159,0.040864776840175095,0.057447634747920626,0.07250420689825604,0.09112547049175808,0.1254366628863869
160,0.04073808465164803,0.05709184869777697,0.0719066224328582,0.09019794242305422,0.12384337458298918
161,0.04058324370058806,0.0567099778576747,0.07128822891250318,0.08925944630710024,0.12226390226200547
162,0.040404246500118396,0.05630788353247129,0.07065645461931869,0.08831918424511756,0.12071031748688882
163,0.04020548861729445,0.0558915439045699,0.07001851215820602,0.0873856688128999,0.11919301770364436
164,0.039991752861293986,0.055467037672118476,0.06938138858774098,0.0864667277023201,0.11772076830917995
165,0.039768182956876674,0.055040525745178794,0.0687518420832118,0.08556952577916775,0.11630078293995061
166,0.03954024834230858,0.054618231763307816,0.06813640484251793,0.08470060279838398,0.1149388373308104
167,0.039313702364360686,0.0542064224558277,0.06754139194055098,0.08386592477416328,0.11363941158417229
168,0.039094536579543815,0.053811389037683344,0.06697291584546716,0.08307094688606419,0.11240585549710681
169,0.03888893404817246,0.053439430892953325,0.06643690633053774,0.08232068583735647,0.11124057177052173
170,0.03870322439289685,0.05309684273095432,0.06593913554759583,0.08161979977998808,0.11014521249208423
171,0.038543842983092165,0.05278990620553203,0.06548524807208081,0.08097267428063792,0.10912088523549333
172,0.0384172959224373,0.05252488667600069,0.06508079578494351,0.08038351331318191,0.10816836642309821
173,0.03833013159327984,0.05230803537302446,0.06473127752296041,0.07985643490864375,0.10728832121728583
174,0.03828891837974607,0.05214559672823715,0.06444218350616548,0.07939557186026194,0.10648153110563419
175,0.038300226866237484,0.05204382003876092,0.06421904463918716,0.07900517876309927,0.10574913251527501
176,0.03837061327273864,0.052008973960261114,0.06406748688251679,0.07868974767316672,0.10509287225907187
177,0.038506599088021704,0.05204736153150337,0.06399329100061406,0.07845413582662521,0.1045153884511509
178,0.038714639699807915,0.05216533248895295,0.0640024581170257,0.0783037102102947,0.10402052885093016
179,0.03900107216651387,0.05236928847711187,0.06410128164338227,0.07824451538095922,0.10361372256276645
180,0.03937202898720453,0.05266567534068675,0.06429642630056358,0.07828347285839192,0.10330242580914067
181,0.03983330070801781,0.05306095495993773,0.06459501511807313,0.07842862271255419,0.10309666824652712
182,0.04039012551555063,0.053561547090475926,0.06500472548357031,0.07868942060875497,0.10300973298819888
183,0.04104687904710877,0.054173729583411816,0.0655338955205781,0.07907710638558946,0.10305901074498368
184,0.041806633696176716,0.054903483704865814,0.06619164230067405,0.07960516271493638,0.10326707512928526
185,0.04267055630714807,0.05575627114632299,0.06698799364892113,0.08028988343779132,0.10366302961110342
186,0.04363712119972873,0.05673673276796684,0.06793403557943493,0.0811510687385749,0.10428417198650368
187,0.04470113988519035,0.057848309478612435,0.06904207770253076,0.0822128550761984,0.10517800148855808
188,0.04585266040170569,0.059092807430258194,0.07032583927513557,0.08350466721188778,0.10640454586587073
189,0.04707587781187833,0.06046996702365622,0.07180065891907737,0.08506224358965472,0.10803890056460176
190,0.04834832138570572,0.06197714737760227,0.07348373140089622,0.08692863536576177,0.1101737505402814
191,0.04964071050851735,0.06360929125028025,0.07539437524006107,0.08915502707823499,0.11292151879498287
192,0.05091791750739338,0.06535935545234202,0.07755433527019358,0.09180120755118758,0.11641573537248641
