sample,age,publication,split,y,mu,sigma,z,loglik
"homosapiens_None_2020_10x3v2_bhaduriaparna_001_d10_1038_s41586_020_1962_0|homosapiens_None_2020_10x3v2_bhaduriaparna_001_d10_1038_s41586_020_1962_0Velasco, 2019 (doi: 10.1038/s41586-019-1289-x)_guided_10_Least Directed_1323_4",70,"Bhaduri, 2020",train,0.2419077134986225,0.24411175187945275,0.15479298105045342,-0.01585798836887004,1.0595481061107261
"homosapiens_None_2020_10x3v2_bhaduriaparna_001_d10_1038_s41586_020_1962_0|homosapiens_None_2020_10x3v2_bhaduriaparna_001_d10_1038_s41586_020_1962_0Velasco, 2019 (doi: 10.1038/s41586-019-1289-x)_guided_10_Least Directed_H1",70,"Bhaduri, 2020",test,0.2159744772973281,0.24411175187945275,0.15479298105045342,-0.21544229546889643,1.1591323030729195
"homosapiens_None_2020_10x3v2_bhaduriaparna_001_d10_1038_s41586_020_1962_0|homosapiens_None_2020_10x3v2_bhaduriaparna_001_d10_1038_s41586_020_1962_0Velasco, 2019 (doi: 10.1038/s41586-019-1289-x)_guided_10_Least Directed_H28126",70,"Bhaduri, 2020",test,0.8411178749308246,0.24411175187945275,0.15479298105045342,3.1078957910111837,-3.77698202414237
"homosapiens_None_2020_10x3v2_bhaduriaparna_001_d10_1038_s41586_020_1962_0|homosapiens_None_2020_10x3v2_bhaduriaparna_001_d10_1038_s41586_020_1962_0Velasco, 2019 (doi: 10.1038/s41586-019-1289-x)_guided_10_Least Directed_YH10",70,"Bhaduri, 2020",train,0.5124223602484472,0.24411175187945275,0.15479298105045342,1.276444341697833,-0.29951482767082815
"homosapiens_None_2020_10x3v2_bhaduriaparna_001_d10_1038_s41586_020_1962_0|homosapiens_None_2020_10x3v2_bhaduriaparna_001_d10_1038_s41586_020_1962_0Velasco, 2019 (doi: 10.1038/s41586-019-1289-x)_guided_15_Least Directed_1323_4",105,"Bhaduri, 2020",train,0.1951029926156237,0.10121782348750094,0.08196322111090118,1.0672199129618911,0.7359593222426768
"homosapiens_None_2020_10x3v2_bhaduriaparna_001_d10_1038_s41586_020_1962_0|homosapiens_None_2020_10x3v2_bhaduriaparna_001_d10_1038_s41586_020_1962_0Velasco, 2019 (doi: 10.1038/s41586-019-1289-x)_guided_24_Least Directed_1323_4",168,"Bhaduri, 2020",train,0.0361860999425617,0.10527867407826627,0.08114817633677447,-1.0698986733267961,1.357259588265037
"homosapiens_None_2020_10x3v2_bhaduriaparna_001_d10_1038_s41586_020_1962_0|homosapiens_None_2020_10x3v2_bhaduriaparna_001_d10_1038_s41586_020_1962_0Velasco, 2019 (doi: 10.1038/s41586-019-1289-x)_guided_24_Least Directed_H1",168,"Bhaduri, 2020",train,0.0435684647302904,0.10527867407826627,0.08114817633677447,-0.9438708202766949,1.4617732315784864
"homosapiens_None_2020_10x3v2_bhaduriaparna_001_d10_1038_s41586_020_1962_0|homosapiens_None_2020_10x3v2_bhaduriaparna_001_d10_1038_s41586_020_1962_0Velasco, 2019 (doi: 10.1038/s41586-019-1289-x)_guided_3_Least Directed_H1",21,"Bhaduri, 2020",train,0.9115706115266168,0.5902462291176926,0.19582472921436947,1.920059509928577,-0.7436918162197343
"homosapiens_None_2020_10x3v2_bhaduriaparna_001_d10_1038_s41586_020_1962_0|homosapiens_None_2020_10x3v2_bhaduriaparna_001_d10_1038_s41586_020_1962_0Velasco, 2019 (doi: 10.1038/s41586-019-1289-x)_guided_3_Least Directed_H28126",21,"Bhaduri, 2020",test,0.7018258884903815,0.5902462291176926,0.19582472921436947,0.5562578853996255,0.6291714861599131
"homosapiens_None_2020_10x3v2_bhaduriaparna_001_d10_1038_s41586_020_1962_0|homosapiens_None_2020_10x3v2_bhaduriaparna_001_d10_1038_s41586_020_1962_0Velasco, 2019 (doi: 10.1038/s41586-019-1289-x)_guided_5_Least Directed_1323_4",35,"Bhaduri, 2020",train,0.335651137379557,0.5399713126626169,0.19008278423990208,-0.8471011997469939,0.2828059962073144
"homosapiens_None_2020_10x3v2_bhaduriaparna_001_d10_1038_s41586_020_1962_0|homosapiens_None_2020_10x3v2_bhaduriaparna_001_d10_1038_s41586_020_1962_0Velasco, 2019 (doi: 10.1038/s41586-019-1289-x)_guided_5_Least Directed_H1",35,"Bhaduri, 2020",train,0.1374367622259696,0.5399713126626169,0.19008278423990208,-2.3491104422979525,-1.2457086293649329
"homosapiens_None_2020_10x3v2_bhaduriaparna_001_d10_1038_s41586_020_1962_0|homosapiens_None_2020_10x3v2_bhaduriaparna_001_d10_1038_s41586_020_1962_0Velasco, 2019 (doi: 10.1038/s41586-019-1289-x)_guided_5_Least Directed_H28126",35,"Bhaduri, 2020",test,0.5627273430849006,0.5399713126626169,0.19008278423990208,0.0996946222458059,0.5716224214674466
"homosapiens_None_2020_10x3v2_bhaduriaparna_001_d10_1038_s41586_020_1962_0|homosapiens_None_2020_10x3v2_bhaduriaparna_001_d10_1038_s41586_020_1962_0Velasco, 2019 (doi: 10.1038/s41586-019-1289-x)_guided_5_Least Directed_YH10",35,"Bhaduri, 2020",train,0.5793628418381731,0.5399713126626169,0.19008278423990208,0.1749599677090078,0.5893018716701668
"homosapiens_None_2020_10x3v2_bhaduriaparna_001_d10_1038_s41586_020_1962_0|homosapiens_None_2020_10x3v2_bhaduriaparna_001_d10_1038_s41586_020_1962_0Velasco, 2019 (doi: 10.1038/s41586-019-1289-x)_guided_8_Least Directed_1323_4",56,"Bhaduri, 2020",train,0.2653256704980843,0.3614393539391245,0.17718329371447197,-0.5084109820047314,0.814678415750214
"homosapiens_None_2020_10x3v2_bhaduriaparna_001_d10_1038_s41586_020_1962_0|homosapiens_None_2020_10x3v2_bhaduriaparna_001_d10_1038_s41586_020_1962_0Velasco, 2019 (doi: 10.1038/s41586-019-1289-x)_guided_8_Least Directed_H1",56,"Bhaduri, 2020",train,0.4539867633154743,0.3614393539391245,0.17718329371447197,0.3805996874055703,0.3914134088039941
"homosapiens_None_2020_10x3v2_bhaduriaparna_001_d10_1038_s41586_020_1962_0|homosapiens_None_2020_10x3v2_bhaduriaparna_001_d10_1038_s41586_020_1962_0Velasco, 2019 (doi: 10.1038/s41586-019-1289-x)_guided_8_Least Directed_H28126",56,"Bhaduri, 2020",train,0.6805978955649523,0.3614393539391245,0.17718329371447197,1.423827930058096,-0.22237713663325764
"homosapiens_None_2020_10x3v2_bhaduriaparna_001_d10_1038_s41586_020_1962_0|homosapiens_None_2020_10x3v2_bhaduriaparna_001_d10_1038_s41586_020_1962_0Velasco, 2019 (doi: 10.1038/s41586-019-1289-x)_guided_8_Least Directed_YH10",56,"Bhaduri, 2020",train,0.4258741258741259,0.3614393539391245,0.17718329371447197,0.268501178751222,0.4321092366774205
homosapiens_telencephalon_2019_10x3v2_velascosilvia_001_d10_1038_s41586_019_1289_x|homosapiens_telencephalon_2019_10x3v2_velascosilvia_001_d10_1038_s41586_019_1289_x10,166,"Velasco, 2019",train,0.105471018701359,0.1048973909634058,0.08105877875822509,0.007870612479444986,1.6988909864439963
homosapiens_telencephalon_2019_10x3v2_velascosilvia_001_d10_1038_s41586_019_1289_x|homosapiens_telencephalon_2019_10x3v2_velascosilvia_001_d10_1038_s41586_019_1289_x11,166,"Velasco, 2019",test,0.0941692789968652,0.1048973909634058,0.08105877875822509,-0.15025043763247667,1.728363864837934
homosapiens_telencephalon_2019_10x3v2_velascosilvia_001_d10_1038_s41586_019_1289_x|homosapiens_telencephalon_2019_10x3v2_velascosilvia_001_d10_1038_s41586_019_1289_x12,166,"Velasco, 2019",train,0.0857454942654287,0.1048973909634058,0.08105877875822509,-0.27230883539321793,1.7320841047103188
homosapiens_telencephalon_2019_10x3v2_velascosilvia_002_d10_1038_s41586_019_1289_x|homosapiens_telencephalon_2019_10x3v2_velascosilvia_002_d10_1038_s41586_019_1289_x13,190,"Velasco, 2019",train,0.1810538116591928,0.09605067744057852,0.0780592374564179,1.0230336133582185,0.8641126372082091
homosapiens_telencephalon_2019_10x3v2_velascosilvia_002_d10_1038_s41586_019_1289_x|homosapiens_telencephalon_2019_10x3v2_velascosilvia_002_d10_1038_s41586_019_1289_x14,190,"Velasco, 2019",test,0.199687072168981,0.09605067744057852,0.0780592374564179,1.2024579713819827,0.5803101048159136
homosapiens_telencephalon_2019_10x3v2_velascosilvia_002_d10_1038_s41586_019_1289_x|homosapiens_telencephalon_2019_10x3v2_velascosilvia_002_d10_1038_s41586_019_1289_x15,190,"Velasco, 2019",train,0.2430299842188322,0.09605067744057852,0.0780592374564179,1.5645420022076753,-0.12422248085384235
homosapiens_telencephalon_2019_10x3v2_velascosilvia_003_d10_1038_s41586_019_1289_x|homosapiens_telencephalon_2019_10x3v2_velascosilvia_003_d10_1038_s41586_019_1289_x7,109,"Velasco, 2019",train,0.0851662147233102,0.09492391344268097,0.07927305773774944,-0.13831147257394852,1.7399142888252566
homosapiens_telencephalon_2019_10x3v2_velascosilvia_003_d10_1038_s41586_019_1289_x|homosapiens_telencephalon_2019_10x3v2_velascosilvia_003_d10_1038_s41586_019_1289_x8,109,"Velasco, 2019",train,0.0923252674213314,0.09492391344268097,0.07927305773774944,-0.036373016405168504,1.7238271823482185
homosapiens_telencephalon_2019_10x3v2_velascosilvia_003_d10_1038_s41586_019_1289_x|homosapiens_telencephalon_2019_10x3v2_velascosilvia_003_d10_1038_s41586_019_1289_x9,109,"Velasco, 2019",test,0.1182373472949389,0.09492391344268097,0.07927305773774944,0.3114396107913038,1.5811312801673523
homosapiens_telencephalon_2019_10x3v2_velascosilvia_004_d10_1038_s41586_019_1289_x|homosapiens_telencephalon_2019_10x3v2_velascosilvia_004_d10_1038_s41586_019_1289_x4,113,"Velasco, 2019",train,0.1007631767231099,0.09044741722354951,0.07742087408990651,0.14363625578802575,1.6858455565617965
homosapiens_telencephalon_2019_10x3v2_velascosilvia_004_d10_1038_s41586_019_1289_x|homosapiens_telencephalon_2019_10x3v2_velascosilvia_004_d10_1038_s41586_019_1289_x5,113,"Velasco, 2019",train,0.081445448227936,0.09044741722354951,0.07742087408990651,-0.12966651664825588,1.7556548035352668
homosapiens_telencephalon_2019_10x3v2_velascosilvia_004_d10_1038_s41586_019_1289_x|homosapiens_telencephalon_2019_10x3v2_velascosilvia_004_d10_1038_s41586_019_1289_x6,113,"Velasco, 2019",train,0.069617201812747,0.09044741722354951,0.07742087408990651,-0.30620535550620825,1.7569229919785208
homosapiens_telencephalon_2019_10x3v2_velascosilvia_005_d10_1038_s41586_019_1289_x|homosapiens_telencephalon_2019_10x3v2_velascosilvia_005_d10_1038_s41586_019_1289_x1,101,"Velasco, 2019",train,0.079385171790235,0.10948158864006913,0.08571411144964895,-0.41852821014533514,1.677981396786509
homosapiens_telencephalon_2019_10x3v2_velascosilvia_005_d10_1038_s41586_019_1289_x|homosapiens_telencephalon_2019_10x3v2_velascosilvia_005_d10_1038_s41586_019_1289_x2,101,"Velasco, 2019",test,0.0573487934816671,0.10948158864006913,0.08571411144964895,-0.7535070024244641,1.5542082296177715
homosapiens_telencephalon_2019_10x3v2_velascosilvia_005_d10_1038_s41586_019_1289_x|homosapiens_telencephalon_2019_10x3v2_velascosilvia_005_d10_1038_s41586_019_1289_x3,101,"Velasco, 2019",train,0.0601970865467009,0.10948158864006913,0.08571411144964895,-0.7088413686588813,1.5777498329055526
homosapiens_telencephalon_2019_10x3v2_velascosilvia_006_d10_1038_s41586_019_1289_x|homosapiens_telencephalon_2019_10x3v2_velascosilvia_006_d10_1038_s41586_019_1289_x19,166,"Velasco, 2019",train,0.1341795104261106,0.1048973909634058,0.08105877875822509,0.38085521830392255,1.5169106126330598
homosapiens_telencephalon_2019_10x3v2_velascosilvia_006_d10_1038_s41586_019_1289_x|homosapiens_telencephalon_2019_10x3v2_velascosilvia_006_d10_1038_s41586_019_1289_x20,166,"Velasco, 2019",train,0.1040812981478446,0.1048973909634058,0.08105877875822509,-0.011225899905589304,1.7039385301640826
homosapiens_telencephalon_2019_10x3v2_velascosilvia_006_d10_1038_s41586_019_1289_x|homosapiens_telencephalon_2019_10x3v2_velascosilvia_006_d10_1038_s41586_019_1289_x21,166,"Velasco, 2019",train,0.7693940563489,0.1048973909634058,0.08105877875822509,4.210486374531606,-7.869560588417482
homosapiens_telencephalon_2019_10x3v2_velascosilvia_007_d10_1038_s41586_019_1289_x|homosapiens_telencephalon_2019_10x3v2_velascosilvia_007_d10_1038_s41586_019_1289_x16,166,"Velasco, 2019",train,0.1163862928348909,0.1048973909634058,0.08105877875822509,0.15449829984236335,1.6463871617324706
homosapiens_telencephalon_2019_10x3v2_velascosilvia_007_d10_1038_s41586_019_1289_x|homosapiens_telencephalon_2019_10x3v2_velascosilvia_007_d10_1038_s41586_019_1289_x17,166,"Velasco, 2019",train,0.1084397280716299,0.1048973909634058,0.08105877875822509,0.04833981313790774,1.6868351297900268
homosapiens_telencephalon_2019_10x3v2_velascosilvia_007_d10_1038_s41586_019_1289_x|homosapiens_telencephalon_2019_10x3v2_velascosilvia_007_d10_1038_s41586_019_1289_x18,166,"Velasco, 2019",train,0.0907630522088353,0.1048973909634058,0.08105877875822509,-0.19917209815959724,1.7318351950997377
homosapiens_telencephalon_2022_10x3v2_paulsenbruna_001_d10_1038_s41586_021_04358_6|homosapiens_telencephalon_2022_10x3v2_paulsenbruna_001_d10_1038_s41586_021_04358_6GMmap_1,32,"Paulsen, 2022",train,0.0340993328391401,0.5558142072404856,0.19081278896798606,-3.83639023615889,-5.489256693518111
homosapiens_telencephalon_2022_10x3v2_paulsenbruna_001_d10_1038_s41586_021_04358_6|homosapiens_telencephalon_2022_10x3v2_paulsenbruna_001_d10_1038_s41586_021_04358_6GMmap_2,32,"Paulsen, 2022",train,0.0384313725490196,0.5558142072404856,0.19081278896798606,-3.7664118715096886,-5.236240119086066
homosapiens_telencephalon_2022_10x3v2_paulsenbruna_001_d10_1038_s41586_021_04358_6|homosapiens_telencephalon_2022_10x3v2_paulsenbruna_001_d10_1038_s41586_021_04358_6GMmap_3,32,"Paulsen, 2022",train,0.0152894066254095,0.5558142072404856,0.19081278896798606,-4.150798950994245,-6.690243637853365
homosapiens_telencephalon_2022_10x3v2_paulsenbruna_001_d10_1038_s41586_021_04358_6|homosapiens_telencephalon_2022_10x3v2_paulsenbruna_001_d10_1038_s41586_021_04358_6GMmap_4,98,"Paulsen, 2022",train,0.1218390804597701,0.11695618510259265,0.0893668981594305,0.06184801481413934,1.6087557500053729
homosapiens_telencephalon_2022_10x3v2_paulsenbruna_001_d10_1038_s41586_021_04358_6|homosapiens_telencephalon_2022_10x3v2_paulsenbruna_001_d10_1038_s41586_021_04358_6GMmap_5,98,"Paulsen, 2022",train,0.1223237597911227,0.11695618510259265,0.0893668981594305,0.06792439703767987,1.606501567194263
homosapiens_telencephalon_2022_10x3v2_paulsenbruna_001_d10_1038_s41586_021_04358_6|homosapiens_telencephalon_2022_10x3v2_paulsenbruna_001_d10_1038_s41586_021_04358_6GMmap_6,98,"Paulsen, 2022",train,0.1181998021760633,0.11695618510259265,0.0893668981594305,0.015861193280789138,1.6244282810605286
homosapiens_telencephalon_2022_10x3v3_paulsenbruna_002_d10_1038_s41586_021_04358_6|homosapiens_telencephalon_2022_10x3v3_paulsenbruna_002_d10_1038_s41586_021_04358_6Mito210map_7,178,"Paulsen, 2022",train,0.0623938879456706,0.10443971166352156,0.08066057659788747,-0.624606478855171,1.6543264651705114
homosapiens_telencephalon_2022_10x3v3_paulsenbruna_002_d10_1038_s41586_021_04358_6|homosapiens_telencephalon_2022_10x3v3_paulsenbruna_002_d10_1038_s41586_021_04358_6Mito210map_8,178,"Paulsen, 2022",test,0.0412607449856733,0.10443971166352156,0.08066057659788747,-0.9728319771652147,1.4425061203442973
homosapiens_telencephalon_2022_10x3v3_paulsenbruna_002_d10_1038_s41586_021_04358_6|homosapiens_telencephalon_2022_10x3v3_paulsenbruna_002_d10_1038_s41586_021_04358_6Mito210map_9,178,"Paulsen, 2022",train,0.0490566037735849,0.10443971166352156,0.08066057659788747,-0.841686209997885,1.53749419845077
homosapiens_telencephalon_2022_10x3v3_paulsenbruna_003_d10_1038_s41586_021_04358_6|homosapiens_telencephalon_2022_10x3v3_paulsenbruna_003_d10_1038_s41586_021_04358_6CHD8_12,108,"Paulsen, 2022",train,0.118920233463035,0.0963161650771876,0.07985821616104909,0.30067187593587197,1.5813660111273953
homosapiens_telencephalon_2022_10x3v3_paulsenbruna_003_d10_1038_s41586_021_04358_6|homosapiens_telencephalon_2022_10x3v3_paulsenbruna_003_d10_1038_s41586_021_04358_6CHD8_13,108,"Paulsen, 2022",train,0.1295929592959296,0.0963161650771876,0.07985821616104909,0.4339940065705999,1.4911899199947243
homosapiens_telencephalon_2022_10x3v3_paulsenbruna_003_d10_1038_s41586_021_04358_6|homosapiens_telencephalon_2022_10x3v3_paulsenbruna_003_d10_1038_s41586_021_04358_6CHD8_14,108,"Paulsen, 2022",train,0.1259420864736215,0.0963161650771876,0.07985821616104909,0.3890055606963268,1.5239332933053904
homosapiens_telencephalon_2022_10x3v3_paulsenbruna_004_d10_1038_s41586_021_04358_6|homosapiens_telencephalon_2022_10x3v3_paulsenbruna_004_d10_1038_s41586_021_04358_6CHD8_18,108,"Paulsen, 2022",train,0.1566084788029925,0.0963161650771876,0.07985821616104909,0.747247466073906,1.1964877073145292
homosapiens_telencephalon_2022_10x3v3_paulsenbruna_004_d10_1038_s41586_021_04358_6|homosapiens_telencephalon_2022_10x3v3_paulsenbruna_004_d10_1038_s41586_021_04358_6CHD8_19,108,"Paulsen, 2022",test,0.1297388374052232,0.0963161650771876,0.07985821616104909,0.4357783209314069,1.4898423845978974
homosapiens_telencephalon_2022_10x3v3_paulsenbruna_004_d10_1038_s41586_021_04358_6|homosapiens_telencephalon_2022_10x3v3_paulsenbruna_004_d10_1038_s41586_021_04358_6CHD8_20,108,"Paulsen, 2022",test,0.1486033519553072,0.0963161650771876,0.07985821616104909,0.6579967062134836,1.2924985273402272
homosapiens_telencephalon_2022_10x3v3_paulsenbruna_005_d10_1038_s41586_021_04358_6|homosapiens_telencephalon_2022_10x3v3_paulsenbruna_005_d10_1038_s41586_021_04358_6CHD8_24,105,"Paulsen, 2022",test,0.0728581460674157,0.10121782348750094,0.08196322111090118,-0.40549675216682757,1.70718177211613
homosapiens_telencephalon_2022_10x3v3_paulsenbruna_005_d10_1038_s41586_021_04358_6|homosapiens_telencephalon_2022_10x3v3_paulsenbruna_005_d10_1038_s41586_021_04358_6CHD8_25,105,"Paulsen, 2022",train,0.0680784536668561,0.10121782348750094,0.08196322111090118,-0.47778427622934744,1.6910817978829429
homosapiens_telencephalon_2022_10x3v3_paulsenbruna_005_d10_1038_s41586_021_04358_6|homosapiens_telencephalon_2022_10x3v3_paulsenbruna_005_d10_1038_s41586_021_04358_6CHD8_26,105,"Paulsen, 2022",train,0.0737174665262524,0.10121782348750094,0.08196322111090118,-0.39262175190764964,1.709451223665983
homosapiens_telencephalon_2022_10x3v3_paulsenbruna_007_d10_1038_s41586_021_04358_6|homosapiens_telencephalon_2022_10x3v3_paulsenbruna_007_d10_1038_s41586_021_04358_6CHD8_7,107,"Paulsen, 2022",train,0.0577081615828524,0.09782655026584883,0.08049898496785293,-0.5927196537550788,1.6640798019394238
homosapiens_telencephalon_2022_10x3v3_paulsenbruna_007_d10_1038_s41586_021_04358_6|homosapiens_telencephalon_2022_10x3v3_paulsenbruna_007_d10_1038_s41586_021_04358_6CHD8_8,107,"Paulsen, 2022",train,0.0549738219895288,0.09782655026584883,0.08049898496785293,-0.6360529297682234,1.6461472532203358
homosapiens_telencephalon_2022_10x3v3_paulsenbruna_007_d10_1038_s41586_021_04358_6|homosapiens_telencephalon_2022_10x3v3_paulsenbruna_007_d10_1038_s41586_021_04358_6CHD8_9,107,"Paulsen, 2022",test,0.0441753368582636,0.09782655026584883,0.08049898496785293,-0.8108696755909514,1.5533355595943605
homosapiens_telencephalon_2022_10x3v3_paulsenbruna_008_d10_1038_s41586_021_04358_6|homosapiens_telencephalon_2022_10x3v3_paulsenbruna_008_d10_1038_s41586_021_04358_6CHD8_30,190,"Paulsen, 2022",train,0.0821548821548821,0.09605067744057852,0.0780592374564179,-0.20099272860072032,1.7565638984772167
homosapiens_telencephalon_2022_10x3v3_paulsenbruna_008_d10_1038_s41586_021_04358_6|homosapiens_telencephalon_2022_10x3v3_paulsenbruna_008_d10_1038_s41586_021_04358_6CHD8_31,190,"Paulsen, 2022",train,0.0717305332060548,0.09605067744057852,0.0780592374564179,-0.3582007621463725,1.7477774326073234
homosapiens_telencephalon_2022_10x3v3_paulsenbruna_008_d10_1038_s41586_021_04358_6|homosapiens_telencephalon_2022_10x3v3_paulsenbruna_008_d10_1038_s41586_021_04358_6CHD8_32,190,"Paulsen, 2022",train,0.0669563499901244,0.09605067744057852,0.0780592374564179,-0.43204802891233673,1.7343540600030078
homosapiens_telencephalon_2022_10x3v3_paulsenbruna_009_d10_1038_s41586_021_04358_6|homosapiens_telencephalon_2022_10x3v3_paulsenbruna_009_d10_1038_s41586_021_04358_6SUV_7,36,"Paulsen, 2022",train,0.7805928553331644,0.5340709282825413,0.18981106384877644,1.3074021992431857,0.09513853396694838
homosapiens_telencephalon_2022_10x3v3_paulsenbruna_009_d10_1038_s41586_021_04358_6|homosapiens_telencephalon_2022_10x3v3_paulsenbruna_009_d10_1038_s41586_021_04358_6SUV_8,36,"Paulsen, 2022",test,0.7830150345388054,0.5340709282825413,0.18981106384877644,1.3231276386879494,0.07822179516222905
homosapiens_telencephalon_2022_10x3v3_paulsenbruna_009_d10_1038_s41586_021_04358_6|homosapiens_telencephalon_2022_10x3v3_paulsenbruna_009_d10_1038_s41586_021_04358_6SUV_9,36,"Paulsen, 2022",train,0.7861493644067796,0.5340709282825413,0.18981106384877644,1.3435644885696072,0.05582813639535411
homosapiens_telencephalon_2022_10x3v3_paulsenbruna_010_d10_1038_s41586_021_04358_6|homosapiens_telencephalon_2022_10x3v3_paulsenbruna_010_d10_1038_s41586_021_04358_6SUV_1,28,"Paulsen, 2022",train,0.6528758829465187,0.5726316131853089,0.19183409435432122,0.3876752388532092,0.651429900530681
homosapiens_telencephalon_2022_10x3v3_paulsenbruna_010_d10_1038_s41586_021_04358_6|homosapiens_telencephalon_2022_10x3v3_paulsenbruna_010_d10_1038_s41586_021_04358_6SUV_2,28,"Paulsen, 2022",train,0.6408418657565416,0.5726316131853089,0.19183409435432122,0.32595760204437474,0.652034998228948
homosapiens_telencephalon_2022_10x3v3_paulsenbruna_010_d10_1038_s41586_021_04358_6|homosapiens_telencephalon_2022_10x3v3_paulsenbruna_010_d10_1038_s41586_021_04358_6SUV_3,28,"Paulsen, 2022",train,0.74467573095897,0.5726316131853089,0.19183409435432122,0.9035640870710614,0.4755654801882454
homosapiens_telencephalon_2022_10x3v3_paulsenbruna_011_d10_1038_s41586_021_04358_6|homosapiens_telencephalon_2022_10x3v3_paulsenbruna_011_d10_1038_s41586_021_04358_6SUV_18,35,"Paulsen, 2022",test,0.7332386363636364,0.5399713126626169,0.19008278423990208,0.9858316142490117,0.3871153758551441
homosapiens_telencephalon_2022_10x3v3_paulsenbruna_011_d10_1038_s41586_021_04358_6|homosapiens_telencephalon_2022_10x3v3_paulsenbruna_011_d10_1038_s41586_021_04358_6SUV_19,35,"Paulsen, 2022",train,0.7397388059701493,0.5399713126626169,0.19008278423990208,1.0250513389150948,0.3583900604682493
homosapiens_telencephalon_2022_10x3v3_paulsenbruna_011_d10_1038_s41586_021_04358_6|homosapiens_telencephalon_2022_10x3v3_paulsenbruna_011_d10_1038_s41586_021_04358_6SUV_20,35,"Paulsen, 2022",test,0.7391394720432343,0.5399713126626169,0.19008278423990208,1.0214175875179963,0.3611244449589348
homosapiens_telencephalon_2022_10x3v3_paulsenbruna_012_d10_1038_s41586_021_04358_6|homosapiens_telencephalon_2022_10x3v3_paulsenbruna_012_d10_1038_s41586_021_04358_6SUV_24,92,"Paulsen, 2022",test,0.0813700616165277,0.13517694043056014,0.09935756512615121,-0.7082886613190514,1.5028817436707527
homosapiens_telencephalon_2022_10x3v3_paulsenbruna_012_d10_1038_s41586_021_04358_6|homosapiens_telencephalon_2022_10x3v3_paulsenbruna_012_d10_1038_s41586_021_04358_6SUV_25,92,"Paulsen, 2022",train,0.0952841930576683,0.13517694043056014,0.09935756512615121,-0.5116112475157194,1.5743306819240148
homosapiens_telencephalon_2022_10x3v3_paulsenbruna_012_d10_1038_s41586_021_04358_6|homosapiens_telencephalon_2022_10x3v3_paulsenbruna_012_d10_1038_s41586_021_04358_6SUV_26,92,"Paulsen, 2022",train,0.0876371616678858,0.13517694043056014,0.09935756512615121,-0.6185216729625784,1.5408231739566456
homosapiens_telencephalon_2022_10x3v3_paulsenbruna_013_d10_1038_s41586_021_04358_6|homosapiens_telencephalon_2022_10x3v3_paulsenbruna_013_d10_1038_s41586_021_04358_6SUV_30,90,"Paulsen, 2022",test,0.0821529745042493,0.1422335150950998,0.10358463615399371,-0.7784331274631974,1.4466255959168612
homosapiens_telencephalon_2022_10x3v3_paulsenbruna_013_d10_1038_s41586_021_04358_6|homosapiens_telencephalon_2022_10x3v3_paulsenbruna_013_d10_1038_s41586_021_04358_6SUV_31,90,"Paulsen, 2022",train,0.0931003980539584,0.1422335150950998,0.10358463615399371,-0.6235358907118033,1.5171136795822087
homosapiens_telencephalon_2022_10x3v3_paulsenbruna_013_d10_1038_s41586_021_04358_6|homosapiens_telencephalon_2022_10x3v3_paulsenbruna_013_d10_1038_s41586_021_04358_6SUV_32,90,"Paulsen, 2022",train,0.0619520748100526,0.1422335150950998,0.10358463615399371,-1.079817385252804,1.2338020180376872
homosapiens_telencephalon_2022_10x3v3_paulsenbruna_014_d10_1038_s41586_021_04358_6|homosapiens_telencephalon_2022_10x3v3_paulsenbruna_014_d10_1038_s41586_021_04358_6SUV_12,38,"Paulsen, 2022",train,0.6502950694841043,0.5213379729797889,0.18919959607008585,0.6018908371227466,0.5508653704450793
homosapiens_telencephalon_2022_10x3v3_paulsenbruna_014_d10_1038_s41586_021_04358_6|homosapiens_telencephalon_2022_10x3v3_paulsenbruna_014_d10_1038_s41586_021_04358_6SUV_13,38,"Paulsen, 2022",train,0.6257323118521857,0.5213379729797889,0.18919959607008585,0.4766336298561752,0.5746189774716141
homosapiens_telencephalon_2022_10x3v3_paulsenbruna_014_d10_1038_s41586_021_04358_6|homosapiens_telencephalon_2022_10x3v3_paulsenbruna_014_d10_1038_s41586_021_04358_6SUV_14,38,"Paulsen, 2022",train,0.6973969631236442,0.5213379729797889,0.18919959607008585,0.857853959042972,0.4465725921563207
homosapiens_telencephalon_2022_10x3v3_paulsenbruna_015_d10_1038_s41586_021_04358_6|homosapiens_telencephalon_2022_10x3v3_paulsenbruna_015_d10_1038_s41586_021_04358_6ARID1B_1,35,"Paulsen, 2022",train,0.6465880826213907,0.5399713126626169,0.19008278423990208,0.5023857087637138,0.5972528519326321
homosapiens_telencephalon_2022_10x3v3_paulsenbruna_015_d10_1038_s41586_021_04358_6|homosapiens_telencephalon_2022_10x3v3_paulsenbruna_015_d10_1038_s41586_021_04358_6ARID1B_2,35,"Paulsen, 2022",test,0.6745343905587314,0.5399713126626169,0.19008278423990208,0.6504348602992225,0.5613301797540766
homosapiens_telencephalon_2022_10x3v3_paulsenbruna_015_d10_1038_s41586_021_04358_6|homosapiens_telencephalon_2022_10x3v3_paulsenbruna_015_d10_1038_s41586_021_04358_6ARID1B_3,35,"Paulsen, 2022",train,0.695199275362319,0.5399713126626169,0.19008278423990208,0.7646753908125508,0.5164241498204668
homosapiens_telencephalon_2022_10x3v3_paulsenbruna_016_d10_1038_s41586_021_04358_6|homosapiens_telencephalon_2022_10x3v3_paulsenbruna_016_d10_1038_s41586_021_04358_6ARID1B_7,35,"Paulsen, 2022",train,0.6369947929580957,0.5399713126626169,0.19008278423990208,0.4532337262428902,0.6036397521424766
homosapiens_telencephalon_2022_10x3v3_paulsenbruna_016_d10_1038_s41586_021_04358_6|homosapiens_telencephalon_2022_10x3v3_paulsenbruna_016_d10_1038_s41586_021_04358_6ARID1B_8,35,"Paulsen, 2022",train,0.5755600133734536,0.5399713126626169,0.19008278423990208,0.15756743750996102,0.5856976533781736
homosapiens_telencephalon_2022_10x3v3_paulsenbruna_016_d10_1038_s41586_021_04358_6|homosapiens_telencephalon_2022_10x3v3_paulsenbruna_016_d10_1038_s41586_021_04358_6ARID1B_9,35,"Paulsen, 2022",test,0.6116022099447513,0.5399713126626169,0.19008278423990208,0.3271205059205087,0.6075738465297146
homosapiens_telencephalon_2022_10x3v3_paulsenbruna_017_d10_1038_s41586_021_04358_6|homosapiens_telencephalon_2022_10x3v3_paulsenbruna_017_d10_1038_s41586_021_04358_6ARID1B_19,90,"Paulsen, 2022",train,0.140913921360255,0.1422335150950998,0.10358463615399371,-0.015243589203304896,1.5304462445068219
homosapiens_telencephalon_2022_10x3v3_paulsenbruna_017_d10_1038_s41586_021_04358_6|homosapiens_telencephalon_2022_10x3v3_paulsenbruna_017_d10_1038_s41586_021_04358_6ARID1B_20,90,"Paulsen, 2022",train,0.1061338289962825,0.1422335150950998,0.10358463615399371,-0.4467862025809495,1.5647598606269746
homosapiens_telencephalon_2022_10x3v3_paulsenbruna_017_d10_1038_s41586_021_04358_6|homosapiens_telencephalon_2022_10x3v3_paulsenbruna_017_d10_1038_s41586_021_04358_6ARID1B_21,90,"Paulsen, 2022",train,0.1155858930602957,0.1422335150950998,0.10358463615399371,-0.3237725967440885,1.577004013499227
homosapiens_telencephalon_2022_10x3v3_paulsenbruna_018_d10_1038_s41586_021_04358_6|homosapiens_telencephalon_2022_10x3v3_paulsenbruna_018_d10_1038_s41586_021_04358_6ARID1B_13,35,"Paulsen, 2022",train,0.6882505679974034,0.5399713126626169,0.19008278423990208,0.7258027656469316,0.5333842872412409
homosapiens_telencephalon_2022_10x3v3_paulsenbruna_018_d10_1038_s41586_021_04358_6|homosapiens_telencephalon_2022_10x3v3_paulsenbruna_018_d10_1038_s41586_021_04358_6ARID1B_14,35,"Paulsen, 2022",train,0.6817731199546807,0.5399713126626169,0.19008278423990208,0.6899857131244287,0.5474777852023128
homosapiens_telencephalon_2022_10x3v3_paulsenbruna_018_d10_1038_s41586_021_04358_6|homosapiens_telencephalon_2022_10x3v3_paulsenbruna_018_d10_1038_s41586_021_04358_6ARID1B_15,35,"Paulsen, 2022",train,0.7012999246420498,0.5399713126626169,0.19008278423990208,0.7991896112755943,0.49991552601577927
homosapiens_telencephalon_2022_10x3v3_uzquianoana_001_d10_1016_j_cell_2022_09_010|homosapiens_telencephalon_2022_10x3v3_uzquianoana_001_d10_1016_j_cell_2022_09_010Org1,23,"Uzquiano, 2022",train,0.5447849145550973,0.5867591702493541,0.19415841968034686,-0.18380191718325387,0.5066761673654738
homosapiens_telencephalon_2022_10x3v3_uzquianoana_001_d10_1016_j_cell_2022_09_010|homosapiens_telencephalon_2022_10x3v3_uzquianoana_001_d10_1016_j_cell_2022_09_010Org2,23,"Uzquiano, 2022",train,0.395952380952381,0.5867591702493541,0.19415841968034686,-0.7733030210796679,0.1674093937333454
homosapiens_telencephalon_2022_10x3v3_uzquianoana_001_d10_1016_j_cell_2022_09_010|homosapiens_telencephalon_2022_10x3v3_uzquianoana_001_d10_1016_j_cell_2022_09_010Org3,23,"Uzquiano, 2022",train,0.4752824858757062,0.5867591702493541,0.19415841968034686,-0.46471678863945354,0.33338394944507654
homosapiens_telencephalon_2022_10x3v3_uzquianoana_001_d10_1016_j_cell_2022_09_010|homosapiens_telencephalon_2022_10x3v3_uzquianoana_001_d10_1016_j_cell_2022_09_010Org4,23,"Uzquiano, 2022",test,0.7605122324159022,0.5867591702493541,0.19415841968034686,0.9214361268973903,0.46858570000850785
homosapiens_telencephalon_2022_10x3v3_uzquianoana_001_d10_1016_j_cell_2022_09_010|homosapiens_telencephalon_2022_10x3v3_uzquianoana_001_d10_1016_j_cell_2022_09_010Org5,23,"Uzquiano, 2022",train,0.7566604445952826,0.5867591702493541,0.19415841968034686,0.8979243556573109,0.48380023619529144
homosapiens_telencephalon_2022_10x3v3_uzquianoana_001_d10_1016_j_cell_2022_09_010|homosapiens_telencephalon_2022_10x3v3_uzquianoana_001_d10_1016_j_cell_2022_09_010Org6,23,"Uzquiano, 2022",train,0.7111203434427363,0.5867591702493541,0.19415841968034686,0.6308776366452892,0.6126994374016846
homosapiens_telencephalon_2022_10x3v3_uzquianoana_002_d10_1016_j_cell_2022_09_010|homosapiens_telencephalon_2022_10x3v3_uzquianoana_002_d10_1016_j_cell_2022_09_010Org16,35,"Uzquiano, 2022",train,0.6529555979297194,0.5399713126626169,0.19008278423990208,0.535476819273106,0.5914020813590124
homosapiens_telencephalon_2022_10x3v3_uzquianoana_002_d10_1016_j_cell_2022_09_010|homosapiens_telencephalon_2022_10x3v3_uzquianoana_002_d10_1016_j_cell_2022_09_010Org17,35,"Uzquiano, 2022",train,0.6959247648902821,0.5399713126626169,0.19008278423990208,0.768760886674817,0.514541129903058
homosapiens_telencephalon_2022_10x3v3_uzquianoana_002_d10_1016_j_cell_2022_09_010|homosapiens_telencephalon_2022_10x3v3_uzquianoana_002_d10_1016_j_cell_2022_09_010Org18,35,"Uzquiano, 2022",train,0.6386922817660937,0.5399713126626169,0.19008278423990208,0.4618698441931188,0.6027163652718606
homosapiens_telencephalon_2022_10x3v3_uzquianoana_003_d10_1016_j_cell_2022_09_010|homosapiens_telencephalon_2022_10x3v3_uzquianoana_003_d10_1016_j_cell_2022_09_010Org19,45,"Uzquiano, 2022",train,0.5726830586328019,0.46718930799616926,0.1860924132772168,0.4462569511979236,0.4992823792985013
homosapiens_telencephalon_2022_10x3v3_uzquianoana_003_d10_1016_j_cell_2022_09_010|homosapiens_telencephalon_2022_10x3v3_uzquianoana_003_d10_1016_j_cell_2022_09_010Org20,45,"Uzquiano, 2022",train,0.5470228158041179,0.46718930799616926,0.1860924132772168,0.3316407697123461,0.5019765931842225
homosapiens_telencephalon_2022_10x3v3_uzquianoana_003_d10_1016_j_cell_2022_09_010|homosapiens_telencephalon_2022_10x3v3_uzquianoana_003_d10_1016_j_cell_2022_09_010Org21,45,"Uzquiano, 2022",test,0.5242648816638776,0.46718930799616926,0.1860924132772168,0.23376133522792314,0.49608345241856866
homosapiens_telencephalon_2022_10x3v3_uzquianoana_003_d10_1016_j_cell_2022_09_010|homosapiens_telencephalon_2022_10x3v3_uzquianoana_003_d10_1016_j_cell_2022_09_010Org22,47,"Uzquiano, 2022",train,0.6034907138062207,0.4492154828871604,0.18487740155591006,0.6626960465650511,0.4335016411042748
homosapiens_telencephalon_2022_10x3v3_uzquianoana_003_d10_1016_j_cell_2022_09_010|homosapiens_telencephalon_2022_10x3v3_uzquianoana_003_d10_1016_j_cell_2022_09_010Org23,47,"Uzquiano, 2022",train,0.5045127734434756,0.4492154828871604,0.18487740155591006,0.2230252633629333,0.4742492419488593
homosapiens_telencephalon_2022_10x3v3_uzquianoana_003_d10_1016_j_cell_2022_09_010|homosapiens_telencephalon_2022_10x3v3_uzquianoana_003_d10_1016_j_cell_2022_09_010Org24,47,"Uzquiano, 2022",train,0.5623429648241207,0.4492154828871604,0.18487740155591006,0.47143803572213716,0.47121632738761354
homosapiens_telencephalon_2022_10x3v3_uzquianoana_004_d10_1016_j_cell_2022_09_010|homosapiens_telencephalon_2022_10x3v3_uzquianoana_004_d10_1016_j_cell_2022_09_010Org25,61,"Uzquiano, 2022",train,0.2777206336144826,0.31460360222131584,0.1709008002534206,-0.20718187340568078,0.8656710567231969
homosapiens_telencephalon_2022_10x3v3_uzquianoana_004_d10_1016_j_cell_2022_09_010|homosapiens_telencephalon_2022_10x3v3_uzquianoana_004_d10_1016_j_cell_2022_09_010Org26,61,"Uzquiano, 2022",train,0.2710204081632653,0.31460360222131584,0.1709008002534206,-0.24859654910302653,0.8870676479227114
homosapiens_telencephalon_2022_10x3v3_uzquianoana_004_d10_1016_j_cell_2022_09_010|homosapiens_telencephalon_2022_10x3v3_uzquianoana_004_d10_1016_j_cell_2022_09_010Org27,61,"Uzquiano, 2022",train,0.2084844089920232,0.31460360222131584,0.1709008002534206,-0.705124002463319,0.9641275395102078
homosapiens_telencephalon_2022_10x3v3_uzquianoana_004_d10_1016_j_cell_2022_09_010|homosapiens_telencephalon_2022_10x3v3_uzquianoana_004_d10_1016_j_cell_2022_09_010Org28,60,"Uzquiano, 2022",train,0.3409961685823754,0.32359248218281483,0.17229819338294902,0.08457087466766017,0.628155493512544
homosapiens_telencephalon_2022_10x3v3_uzquianoana_004_d10_1016_j_cell_2022_09_010|homosapiens_telencephalon_2022_10x3v3_uzquianoana_004_d10_1016_j_cell_2022_09_010Org29,60,"Uzquiano, 2022",test,0.2539319416642837,0.32359248218281483,0.17229819338294902,-0.4060439270840898,0.9154384335125736
homosapiens_telencephalon_2022_10x3v3_uzquianoana_004_d10_1016_j_cell_2022_09_010|homosapiens_telencephalon_2022_10x3v3_uzquianoana_004_d10_1016_j_cell_2022_09_010Org30,60,"Uzquiano, 2022",train,0.3329250640240508,0.32359248218281483,0.17229819338294902,0.0459962167803412,0.6581865004914722
homosapiens_telencephalon_2022_10x3v3_uzquianoana_005_d10_1016_j_cell_2022_09_010|homosapiens_telencephalon_2022_10x3v3_uzquianoana_005_d10_1016_j_cell_2022_09_010Org37,90,"Uzquiano, 2022",train,0.1291050903119869,0.1422335150950998,0.10358463615399371,-0.15529831966519356,1.5654424642563043
homosapiens_telencephalon_2022_10x3v3_uzquianoana_005_d10_1016_j_cell_2022_09_010|homosapiens_telencephalon_2022_10x3v3_uzquianoana_005_d10_1016_j_cell_2022_09_010Org38,90,"Uzquiano, 2022",train,0.1081953976584578,0.1422335150950998,0.10358463615399371,-0.4195870094020899,1.5689555489560503
homosapiens_telencephalon_2022_10x3v3_uzquianoana_005_d10_1016_j_cell_2022_09_010|homosapiens_telencephalon_2022_10x3v3_uzquianoana_005_d10_1016_j_cell_2022_09_010Org39,90,"Uzquiano, 2022",train,0.1211626387981711,0.1422335150950998,0.10358463615399371,-0.2532158028571731,1.5761782895513359
homosapiens_telencephalon_2022_10x3v3_uzquianoana_006_d10_1016_j_cell_2022_09_010|homosapiens_telencephalon_2022_10x3v3_uzquianoana_006_d10_1016_j_cell_2022_09_010Org52,119,"Uzquiano, 2022",train,0.0615229450327786,0.08658054240083546,0.07583767287371992,-0.3766610374791681,1.7614169782455882
homosapiens_telencephalon_2022_10x3v3_uzquianoana_006_d10_1016_j_cell_2022_09_010|homosapiens_telencephalon_2022_10x3v3_uzquianoana_006_d10_1016_j_cell_2022_09_010Org53,119,"Uzquiano, 2022",train,0.0586466165413533,0.08658054240083546,0.07583767287371992,-0.4219216693835212,1.7525862278689823
homosapiens_telencephalon_2022_10x3v3_uzquianoana_006_d10_1016_j_cell_2022_09_010|homosapiens_telencephalon_2022_10x3v3_uzquianoana_006_d10_1016_j_cell_2022_09_010Org54,119,"Uzquiano, 2022",train,0.0634199527530438,0.08658054240083546,0.07583767287371992,-0.3470393771944228,1.7659984735305492
homosapiens_telencephalon_2022_10x3v3_uzquianoana_006_d10_1016_j_cell_2022_09_010|homosapiens_telencephalon_2022_10x3v3_uzquianoana_006_d10_1016_j_cell_2022_09_010Org55,119,"Uzquiano, 2022",train,0.057738572574178,0.08658054240083546,0.07583767287371992,-0.4362971353462643,1.7493191551909828
homosapiens_telencephalon_2022_10x3v3_uzquianoana_006_d10_1016_j_cell_2022_09_010|homosapiens_telencephalon_2022_10x3v3_uzquianoana_006_d10_1016_j_cell_2022_09_010Org56,119,"Uzquiano, 2022",train,0.0698049330968886,0.08658054240083546,0.07583767287371992,-0.24867278881884858,1.7743919921688276
homosapiens_telencephalon_2022_10x3v3_uzquianoana_006_d10_1016_j_cell_2022_09_010|homosapiens_telencephalon_2022_10x3v3_uzquianoana_006_d10_1016_j_cell_2022_09_010Org57,119,"Uzquiano, 2022",train,0.0766779949022939,0.08658054240083546,0.07583767287371992,-0.14508190003010016,1.7718469149523146
homosapiens_telencephalon_2022_10x3v3_uzquianoana_007_d10_1016_j_cell_2022_09_010|homosapiens_telencephalon_2022_10x3v3_uzquianoana_007_d10_1016_j_cell_2022_09_010Org58,147,"Uzquiano, 2022",train,0.0750609870519797,0.0952997740719547,0.07879713596775298,-0.29363835159002843,1.7471195188055655
homosapiens_telencephalon_2022_10x3v3_uzquianoana_007_d10_1016_j_cell_2022_09_010|homosapiens_telencephalon_2022_10x3v3_uzquianoana_007_d10_1016_j_cell_2022_09_010Org59,147,"Uzquiano, 2022",train,0.0748481166464155,0.0952997740719547,0.07879713596775298,-0.29683612619111227,1.7468894227303624
homosapiens_telencephalon_2022_10x3v3_uzquianoana_007_d10_1016_j_cell_2022_09_010|homosapiens_telencephalon_2022_10x3v3_uzquianoana_007_d10_1016_j_cell_2022_09_010Org60,147,"Uzquiano, 2022",train,0.0760610395803528,0.0952997740719547,0.07879713596775298,-0.27864595058589803,1.748049220010992
homosapiens_telencephalon_2022_10x3v3_uzquianoana_007_d10_1016_j_cell_2022_09_010|homosapiens_telencephalon_2022_10x3v3_uzquianoana_007_d10_1016_j_cell_2022_09_010Org61,149,"Uzquiano, 2022",test,0.0837658850903884,0.09662191754731408,0.07918603706626158,-0.18351638658913463,1.7450227156764575
homosapiens_telencephalon_2022_10x3v3_uzquianoana_007_d10_1016_j_cell_2022_09_010|homosapiens_telencephalon_2022_10x3v3_uzquianoana_007_d10_1016_j_cell_2022_09_010Org62,149,"Uzquiano, 2022",train,0.0993093149150644,0.09662191754731408,0.07918603706626158,0.03731890791017326,1.706465320298832
homosapiens_telencephalon_2022_10x3v3_uzquianoana_007_d10_1016_j_cell_2022_09_010|homosapiens_telencephalon_2022_10x3v3_uzquianoana_007_d10_1016_j_cell_2022_09_010Org63,149,"Uzquiano, 2022",test,0.0711763612711392,0.09662191754731408,0.07918603706626158,-0.37127166407686546,1.7354792693310233
homosapiens_telencephalon_2022_10x3v3_uzquianoana_008_d10_1016_j_cell_2022_09_010|homosapiens_telencephalon_2022_10x3v3_uzquianoana_008_d10_1016_j_cell_2022_09_010Org73,192,"Uzquiano, 2022",test,0.079464988198269,0.09375686375496473,0.07799287387546058,-0.20680348183084243,1.7562750005968588
homosapiens_telencephalon_2022_10x3v3_uzquianoana_008_d10_1016_j_cell_2022_09_010|homosapiens_telencephalon_2022_10x3v3_uzquianoana_008_d10_1016_j_cell_2022_09_010Org74,192,"Uzquiano, 2022",train,0.0716661626852131,0.09375686375496473,0.07799287387546058,-0.3239881726173668,1.7513802392974225
homosapiens_telencephalon_2022_10x3v3_uzquianoana_008_d10_1016_j_cell_2022_09_010|homosapiens_telencephalon_2022_10x3v3_uzquianoana_008_d10_1016_j_cell_2022_09_010Org75,192,"Uzquiano, 2022",train,0.088865379529225,0.09375686375496473,0.07799287387546058,-0.06962622131644317,1.7428513621156392
